{"0": {"brute_force": {"itens": [[4, 338], [4, 838], [2, 108], [4, 721], [2, 548], [4, 794], [1, 804], [1, 297], [1, 948]], "total_time": "2.524051", "waste": 7, "solution": [[[1, 948], [1, 297], [1, 804], [4, 794], [2, 548]], [[4, 721], [2, 108], [4, 838]], [[4, 338]]]}, "greedy": {"itens": [[4, 338], [4, 838], [2, 108], [4, 721], [2, 548], [4, 794], [1, 804], [1, 297], [1, 948]], "total_time": "0.000024", "waste": 7, "solution": [[[2, 108], [1, 297], [4, 338], [2, 548], [1, 804]], [[4, 721], [4, 794], [1, 948]], [[4, 838]]]}}, "1": {"brute_force": {"itens": [[4, 793], [5, 608], [4, 927], [5, 485], [1, 27], [3, 736], [1, 502], [4, 450], [3, 516]], "total_time": "2.866300", "waste": 10, "solution": [[[3, 516], [4, 450], [1, 502], [1, 27]], [[3, 736], [5, 485]], [[4, 927], [5, 608]], [[4, 793]]]}, "greedy": {"itens": [[4, 793], [5, 608], [4, 927], [5, 485], [1, 27], [3, 736], [1, 502], [4, 450], [3, 516]], "total_time": "0.000022", "waste": 10, "solution": [[[1, 27], [4, 450], [5, 485]], [[1, 502], [3, 516], [5, 608]], [[3, 736], [4, 793]], [[4, 927]]]}}, "2": {"brute_force": {"itens": [[5, 337], [2, 15], [2, 592], [5, 704], [2, 393], [5, 839], [3, 407], [1, 827], [3, 732]], "total_time": "2.741190", "waste": 2, "solution": [[[3, 732], [1, 827], [3, 407], [2, 393]], [[5, 839], [5, 704]], [[2, 592], [2, 15], [5, 337]]]}, "greedy": {"itens": [[5, 337], [2, 15], [2, 592], [5, 704], [2, 393], [5, 839], [3, 407], [1, 827], [3, 732]], "total_time": "0.000022", "waste": 2, "solution": [[[2, 15], [5, 337], [2, 393], [1, 827]], [[3, 407], [2, 592], [5, 704]], [[3, 732], [5, 839]]]}}, "3": {"brute_force": {"itens": [[4, 188], [1, 309], [5, 43], [2, 125], [2, 571], [1, 954], [4, 928], [3, 874], [2, 656]], "total_time": "2.555870", "waste": 6, "solution": [[[2, 656], [3, 874], [4, 928], [1, 954]], [[2, 571], [2, 125], [5, 43], [1, 309]], [[4, 188]]]}, "greedy": {"itens": [[4, 188], [1, 309], [5, 43], [2, 125], [2, 571], [1, 954], [4, 928], [3, 874], [2, 656]], "total_time": "0.000021", "waste": 6, "solution": [[[5, 43], [2, 125], [1, 309], [2, 571]], [[4, 188], [2, 656], [3, 874], [1, 954]], [[4, 928]]]}}, "4": {"brute_force": {"itens": [[3, 351], [2, 904], [5, 299], [2, 332], [2, 949], [1, 239], [3, 878], [1, 723], [3, 648]], "total_time": "2.489763", "waste": 8, "solution": [[[3, 648], [1, 723], [3, 878], [1, 239], [2, 949]], [[2, 332], [5, 299], [2, 904]], [[3, 351]]]}, "greedy": {"itens": [[3, 351], [2, 904], [5, 299], [2, 332], [2, 949], [1, 239], [3, 878], [1, 723], [3, 648]], "total_time": "0.000021", "waste": 8, "solution": [[[1, 239], [5, 299], [2, 332], [1, 723]], [[3, 351], [3, 648], [3, 878]], [[2, 904], [2, 949]]]}}, "5": {"brute_force": {"itens": [[5, 873], [1, 537], [1, 228], [3, 14], [2, 870], [4, 744], [4, 299], [2, 326], [5, 328]], "total_time": "2.744583", "waste": 3, "solution": [[[5, 328], [2, 326], [2, 870], [1, 228]], [[4, 299], [4, 744], [1, 537]], [[3, 14], [5, 873]]]}, "greedy": {"itens": [[5, 873], [1, 537], [1, 228], [3, 14], [2, 870], [4, 744], [4, 299], [2, 326], [5, 328]], "total_time": "0.000021", "waste": 3, "solution": [[[3, 14], [1, 228], [4, 299], [2, 326]], [[5, 328], [1, 537], [4, 744]], [[2, 870], [5, 873]]]}}, "6": {"brute_force": {"itens": [[1, 132], [5, 366], [5, 476], [2, 993], [1, 196], [4, 577], [5, 371], [5, 77], [1, 183]], "total_time": "2.735027", "waste": 1, "solution": [[[1, 183], [5, 77], [4, 577]], [[5, 371], [1, 196], [2, 993], [1, 132]], [[5, 476], [5, 366]]]}, "greedy": {"itens": [[1, 132], [5, 366], [5, 476], [2, 993], [1, 196], [4, 577], [5, 371], [5, 77], [1, 183]], "total_time": "0.000024", "waste": 1, "solution": [[[5, 77], [1, 132], [1, 183], [1, 196], [2, 993]], [[5, 366], [5, 371]], [[5, 476], [4, 577]]]}}, "7": {"brute_force": {"itens": [[5, 559], [4, 84], [4, 246], [2, 954], [1, 412], [5, 46], [4, 410], [4, 721], [4, 479]], "total_time": "3.041069", "waste": 7, "solution": [[[4, 479], [4, 721], [1, 412]], [[4, 410], [5, 46]], [[2, 954], [4, 246], [4, 84]], [[5, 559]]]}, "greedy": {"itens": [[5, 559], [4, 84], [4, 246], [2, 954], [1, 412], [5, 46], [4, 410], [4, 721], [4, 479]], "total_time": "0.000023", "waste": 7, "solution": [[[5, 46], [4, 84], [1, 412]], [[4, 246], [4, 410], [2, 954]], [[4, 479], [5, 559]], [[4, 721]]]}}, "8": {"brute_force": {"itens": [[1, 333], [3, 928], [4, 277], [2, 729], [5, 789], [3, 746], [2, 597], [4, 150], [2, 780]], "total_time": "2.743672", "waste": 4, "solution": [[[2, 780], [4, 150], [2, 597], [2, 729]], [[3, 746], [5, 789], [1, 333]], [[4, 277], [3, 928]]]}, "greedy": {"itens": [[1, 333], [3, 928], [4, 277], [2, 729], [5, 789], [3, 746], [2, 597], [4, 150], [2, 780]], "total_time": "0.000022", "waste": 4, "solution": [[[4, 150], [4, 277], [1, 333]], [[2, 597], [2, 729], [3, 746], [2, 780]], [[5, 789], [3, 928]]]}}, "9": {"brute_force": {"itens": [[4, 812], [3, 25], [4, 888], [1, 68], [4, 976], [3, 984], [5, 65], [3, 449], [2, 125]], "total_time": "2.858932", "waste": 11, "solution": [[[2, 125], [3, 449], [5, 65]], [[3, 984], [4, 976], [1, 68]], [[4, 888], [3, 25]], [[4, 812]]]}, "greedy": {"itens": [[4, 812], [3, 25], [4, 888], [1, 68], [4, 976], [3, 984], [5, 65], [3, 449], [2, 125]], "total_time": "0.000025", "waste": 11, "solution": [[[3, 25], [5, 65], [1, 68]], [[2, 125], [3, 449], [4, 812]], [[4, 888], [4, 976]], [[3, 984]]]}}, "10": {"brute_force": {"itens": [[1, 951], [4, 1005], [2, 176], [1, 998], [3, 180], [3, 163], [2, 36], [2, 617], [2, 616]], "total_time": "2.373990", "waste": 0, "solution": [[[2, 616], [2, 617], [2, 36], [3, 163], [1, 998]], [[3, 180], [2, 176], [4, 1005], [1, 951]]]}, "greedy": {"itens": [[1, 951], [4, 1005], [2, 176], [1, 998], [3, 180], [3, 163], [2, 36], [2, 617], [2, 616]], "total_time": "0.000022", "waste": 0, "solution": [[[2, 36], [3, 163], [2, 176], [3, 180]], [[2, 616], [2, 617], [1, 951], [1, 998], [4, 1005]]]}}, "11": {"brute_force": {"itens": [[5, 312], [2, 879], [5, 45], [4, 534], [2, 146], [3, 19], [1, 726], [3, 22], [1, 383]], "total_time": "2.771104", "waste": 4, "solution": [[[1, 383], [3, 22], [1, 726], [3, 19], [2, 146]], [[4, 534], [5, 45]], [[2, 879], [5, 312]]]}, "greedy": {"itens": [[5, 312], [2, 879], [5, 45], [4, 534], [2, 146], [3, 19], [1, 726], [3, 22], [1, 383]], "total_time": "0.000023", "waste": 4, "solution": [[[3, 19], [3, 22], [2, 146], [1, 383], [1, 726]], [[5, 45], [5, 312]], [[4, 534], [2, 879]]]}}, "12": {"brute_force": {"itens": [[4, 947], [4, 586], [3, 300], [4, 802], [3, 674], [4, 311], [5, 844], [3, 450], [3, 382]], "total_time": "3.146679", "waste": 7, "solution": [[[3, 382], [3, 450], [4, 311]], [[5, 844], [3, 674]], [[4, 802], [3, 300]], [[4, 586], [4, 947]]]}, "greedy": {"itens": [[4, 947], [4, 586], [3, 300], [4, 802], [3, 674], [4, 311], [5, 844], [3, 450], [3, 382]], "total_time": "0.000025", "waste": 7, "solution": [[[3, 300], [4, 311], [3, 382]], [[3, 450], [4, 586], [3, 674]], [[4, 802], [5, 844]], [[4, 947]]]}}, "13": {"brute_force": {"itens": [[3, 141], [3, 606], [4, 537], [4, 530], [3, 818], [1, 751], [5, 672], [1, 998], [3, 873]], "total_time": "2.728682", "waste": 3, "solution": [[[3, 873], [1, 998], [5, 672], [1, 751]], [[3, 818], [4, 530], [3, 606]], [[4, 537], [3, 141]]]}, "greedy": {"itens": [[3, 141], [3, 606], [4, 537], [4, 530], [3, 818], [1, 751], [5, 672], [1, 998], [3, 873]], "total_time": "0.000022", "waste": 3, "solution": [[[3, 141], [4, 530], [3, 606]], [[4, 537], [5, 672], [1, 751]], [[3, 818], [3, 873], [1, 998]]]}}, "14": {"brute_force": {"itens": [[1, 473], [3, 583], [2, 59], [3, 749], [2, 322], [1, 504], [3, 604], [2, 661], [4, 243]], "total_time": "2.488023", "waste": 9, "solution": [[[4, 243], [2, 661], [3, 604], [1, 504]], [[2, 322], [3, 749], [2, 59], [3, 583]], [[1, 473]]]}, "greedy": {"itens": [[1, 473], [3, 583], [2, 59], [3, 749], [2, 322], [1, 504], [3, 604], [2, 661], [4, 243]], "total_time": "0.000020", "waste": 9, "solution": [[[2, 59], [4, 243], [2, 322], [1, 473], [1, 504]], [[3, 583], [3, 604], [2, 661]], [[3, 749]]]}},