{"0": {"greedy": {"itens": [[1, 132], [1, 958], [3, 548], [2, 880], [2, 215], [2, 722], [2, 482], [3, 752], [5, 252]], "total_time": "0.000026", "waste": 9, "solution": [[[1, 132], [2, 215], [5, 252], [2, 482]], [[3, 548], [2, 722], [3, 752], [2, 880]], [[1, 958]]]}}, "1": {"greedy": {"itens": [[2, 538], [1, 886], [2, 637], [2, 867], [1, 623], [5, 197], [5, 961], [1, 100], [2, 558]], "total_time": "0.000020", "waste": 9, "solution": [[[1, 100], [5, 197], [2, 538], [2, 558]], [[1, 623], [2, 637], [2, 867], [1, 886]], [[5, 961]]]}}, "2": {"greedy": {"itens": [[4, 197], [1, 173], [5, 838], [5, 294], [2, 544], [5, 130], [1, 993], [5, 212], [4, 954]], "total_time": "0.000023", "waste": 8, "solution": [[[5, 130], [1, 173], [4, 197]], [[5, 212], [5, 294]], [[2, 544], [5, 838], [1, 993]], [[4, 954]]]}}, "3": {"greedy": {"itens": [[1, 130], [5, 468], [2, 595], [1, 390], [3, 133], [3, 629], [3, 209], [1, 973], [2, 74]], "total_time": "0.000019", "waste": 9, "solution": [[[2, 74], [1, 130], [3, 133], [3, 209], [1, 390]], [[5, 468], [2, 595], [3, 629]], [[1, 973]]]}}, "4": {"greedy": {"itens": [[5, 80], [1, 271], [4, 424], [4, 758], [3, 301], [3, 409], [1, 563], [5, 155], [5, 635]], "total_time": "0.000022", "waste": 9, "solution": [[[5, 80], [5, 155]], [[1, 271], [3, 301], [3, 409], [1, 563]], [[4, 424], [5, 635]], [[4, 758]]]}}, "5": {"greedy": {"itens": [[3, 822], [1, 864], [4, 919], [4, 102], [3, 623], [1, 960], [2, 771], [1, 248], [5, 558]], "total_time": "0.000019", "waste": 6, "solution": [[[4, 102], [1, 248], [5, 558]], [[3, 623], [2, 771], [3, 822], [1, 864], [1, 960]], [[4, 919]]]}}, "6": {"greedy": {"itens": [[2, 288], [4, 766], [3, 292], [4, 37], [5, 273], [5, 6], [4, 159], [5, 945], [1, 24]], "total_time": "0.000024", "waste": 7, "solution": [[[5, 6], [1, 24], [4, 37]], [[4, 159], [5, 273]], [[2, 288], [3, 292], [4, 766]], [[5, 945]]]}}, "7": {"greedy": {"itens": [[1, 280], [4, 28], [2, 633], [5, 524], [5, 208], [5, 756], [2, 319], [3, 70], [4, 796]], "total_time": "0.000090", "waste": 9, "solution": [[[4, 28], [3, 70], [1, 280], [2, 319]], [[5, 208], [5, 524]], [[2, 633], [5, 756]], [[4, 796]]]}}, "8": {"greedy": {"itens": [[4, 313], [4, 829], [5, 805], [1, 357], [3, 898], [3, 823], [4, 918], [3, 296], [1, 43]], "total_time": "0.000022", "waste": 12, "solution": [[[1, 43], [3, 296], [4, 313], [1, 357]], [[5, 805], [3, 823]], [[4, 829], [3, 898]], [[4, 918]]]}}, "9": {"greedy": {"itens": [[5, 5], [5, 146], [1, 54], [1, 997], [3, 345], [4, 255], [1, 519], [3, 778], [1, 777]], "total_time": "0.000019", "waste": 6, "solution": [[[5, 5], [1, 54], [4, 255]], [[5, 146], [3, 345], [1, 519], [1, 777]], [[3, 778], [1, 997]]]}}, "10": {"greedy": {"itens": [[3, 712], [2, 27], [1, 337], [5, 901], [1, 385], [1, 850], [5, 863], [2, 667], [5, 273]], "total_time": "0.000018", "waste": 5, "solution": [[[2, 27], [5, 273], [1, 337], [1, 385], [1, 850]], [[2, 667], [3, 712], [5, 863]], [[5, 901]]]}}, "11": {"greedy": {"itens": [[4, 471], [2, 940], [4, 989], [2, 182], [1, 642], [2, 834], [5, 820], [2, 708], [1, 992]], "total_time": "0.000017", "waste": 7, "solution": [[[2, 182], [4, 471], [1, 642], [2, 708], [1, 992]], [[5, 820], [2, 834], [2, 940]], [[4, 989]]]}}, "12": {"greedy": {"itens": [[4, 875], [2, 908], [2, 462], [5, 780], [2, 519], [5, 882], [5, 171], [3, 501], [1, 126]], "total_time": "0.000019", "waste": 1, "solution": [[[1, 126], [5, 171], [2, 462], [2, 519]], [[3, 501], [5, 780], [2, 908]], [[4, 875], [5, 882]]]}}, "13": {"greedy": {"itens": [[4, 653], [2, 921], [3, 768], [3, 681], [4, 193], [4, 442], [5, 756], [1, 281], [1, 158]], "total_time": "0.000019", "waste": 3, "solution": [[[1, 158], [4, 193], [1, 281], [4, 442]], [[4, 653], [3, 681], [3, 768]], [[5, 756], [2, 921]]]}}, "14": {"greedy": {"itens": [[1, 735], [1, 495], [3, 347], [5, 193], [2, 736], [3, 199], [3, 579], [2, 347], [3, 740]], "total_time": "0.000019", "waste": 7, "solution": [[[5, 193], [3, 199], [2, 347]], [[3, 347], [1, 495], [3, 579], [1, 735], [2, 736]], [[3, 740]]]}}, "15": {"greedy": {"itens": [[3, 470], [1, 210], [5, 383], [3, 934], [1, 161], [5, 634], [3, 506], [2, 601], [3, 83]], "total_time": "0.000021", "waste": 4, "solution": [[[3, 83], [1, 161], [1, 210], [5, 383]], [[3, 470], [3, 506], [2, 601]], [[5, 634], [3, 934]]]}}, "16": {"greedy": {"itens": [[3, 436], [2, 215], [1, 396], [1, 31], [1, 32], [3, 162], [4, 515], [3, 785], [1, 898]], "total_time": "0.000016", "waste": 1, "solution": [[[1, 31], [1, 32], [3, 162], [2, 215], [1, 396], [1, 898]], [[3, 436], [4, 515], [3, 785]]]}}, "17": {"greedy": {"itens": [[4, 474], [2, 811], [3, 310], [1, 982], [3, 435], [3, 839], [3, 367], [5, 318], [4, 153]], "total_time": "0.000020", "waste": 2, "solution": [[[4, 153], [3, 310], [3, 367]], [[5, 318], [3, 435], [2, 811]], [[4, 474], [3, 839], [1, 982]]]}}, "18": {"greedy": {"itens": [[5, 729], [3, 444], [4, 897], [1, 673], [3, 580], [5, 135], [5, 996], [3, 275], [3, 951]], "total_time": "0.000021", "waste": 8, "solution": [[[5, 135], [3, 275], [1, 673]], [[3, 444], [3, 580], [4, 897]], [[5, 729], [3, 951]], [[5, 996]]]}}, "19": {"greedy": {"itens": [[3, 532], [5, 578], [5, 491], [5, 895], [4, 441], [3, 622], [5, 500], [1, 509], [2, 920]], "total_time": "0.000021", "waste": 7, "solution": [[[4, 441], [5, 491], [1, 509]], [[5, 500], [3, 532], [2, 920]], [[5, 578], [3, 622]], [[5, 895]]]}}, "20": {"greedy": {"itens": [[3, 780], [2, 226], [2, 810], [4, 604], [3, 569], [4, 748], [4, 292], [4, 426], [5, 742]], "total_time": "0.000021", "waste": 9, "solution": [[[2, 226], [4, 292], [4, 426]], [[3, 569], [4, 604], [3, 780]], [[5, 742], [4, 748]], [[2, 810]]]}}, "21": {"greedy": {"itens": [[4, 942], [1, 432], [1, 549], [4, 832], [5, 118], [3, 824], [1, 62], [5, 255], [4, 968]], "total_time": "0.000020", "waste": 12, "solution": [[[1, 62], [5, 118], [1, 432], [1, 549]], [[5, 255], [3, 824]], [[4, 832], [4, 942]], [[4, 968]]]}}, "22": {"greedy": {"itens": [[2, 576], [2, 344], [1, 428], [1, 119], [2, 833], [3, 554], [2, 597], [4, 53], [1, 1]], "total_time": "0.000019", "waste": 2, "solution": [[[1, 1], [4, 53], [1, 119], [2, 344], [1, 428]], [[3, 554], [2, 576], [2, 597], [2, 833]]]}}, "23": {"greedy": {"itens": [[2, 278], [1, 859], [4, 140], [1, 753], [3, 509], [2, 951], [2, 77], [2, 937], [2, 696]], "total_time": "0.000017", "waste": 1, "solution": [[[2, 77], [4, 140], [2, 278], [2, 696]], [[3, 509], [1, 753], [1, 859], [2, 937], [2, 951]]]}}, "24": {"greedy": {"itens": [[3, 988], [1, 563], [4, 742], [1, 63], [5, 749], [2, 957], [4, 472], [3, 874], [5, 130]], "total_time": "0.000020", "waste": 2, "solution": [[[1, 63], [5, 130], [4, 472]], [[1, 563], [4, 742], [5, 749]], [[3, 874], [2, 957], [3, 988]]]}}, "25": {"greedy": {"itens": [[5, 588], [3, 927], [2, 386], [3, 399], [5, 380], [5, 888], [5, 822], [5, 148], [1, 412]], "total_time": "0.000022", "waste": 6, "solution": [[[5, 148], [5, 380]], [[2, 386], [3, 399], [1, 412], [3, 927]], [[5, 588], [5, 822]], [[5, 888]]]}}, "26": {"greedy": {"itens": [[4, 13], [5, 267], [5, 6], [3, 647], [4, 146], [3, 564], [4, 911], [3, 306], [3, 18]], "total_time": "0.000022", "waste": 6, "solution": [[[5, 6], [4, 13]], [[3, 18], [4, 146], [3, 306]], [[5, 267], [3, 564]], [[3, 647], [4, 911]]]}}, "27": {"greedy": {"itens": [[3, 380], [2, 127], [2, 553], [1, 391], [4, 453], [2, 762], [2, 725], [2, 196], [1, 563]], "total_time": "0.000016", "waste": 1, "solution": [[[2, 127], [2, 196], [3, 380], [1, 391], [2, 553]], [[4, 453], [1, 563], [2, 725], [2, 762]]]}}, "28": {"greedy": {"itens": [[2, 328], [2, 571], [4, 244], [5, 308], [3, 151], [5, 206], [5, 297], [2, 340], [2, 259]], "total_time": "0.000022", "waste": 10, "solution": [[[3, 151], [5, 206], [2, 259]], [[4, 244], [5, 297]], [[5, 308], [2, 328], [2, 340]], [[2, 571]]]}}, "29": {"greedy": {"itens": [[1, 69], [5, 425], [2, 369], [4, 544], [1, 884], [1, 1002], [3, 98], [3, 128], [2, 591]], "total_time": "0.000019", "waste": 8,