{"0": {"greedy": {"itens": [[5, 787], [5, 319], [5, 492], [5, 746], [5, 379], [5, 350], [4, 445], [2, 655], [2, 691], [1, 89]], "total_time": "0.000030", "waste": 1, "solution": [[[1, 89], [5, 319], [4, 445]], [[5, 350], [5, 379]], [[5, 492], [2, 655], [2, 691]], [[5, 746], [5, 787]]]}}, "1": {"greedy": {"itens": [[5, 317], [4, 89], [5, 156], [1, 447], [3, 563], [3, 269], [1, 492], [4, 653], [4, 799], [4, 302]], "total_time": "0.000024", "waste": 6, "solution": [[[4, 89], [5, 156], [1, 447]], [[3, 269], [4, 302], [1, 492]], [[5, 317], [3, 563]], [[4, 653], [4, 799]]]}}, "2": {"greedy": {"itens": [[2, 480], [1, 155], [5, 348], [3, 614], [2, 10], [2, 934], [5, 153], [5, 392], [4, 894], [2, 124]], "total_time": "0.000026", "waste": 9, "solution": [[[2, 10], [2, 124], [5, 153], [1, 155]], [[5, 348], [5, 392]], [[2, 480], [3, 614], [4, 894]], [[2, 934]]]}}, "3": {"greedy": {"itens": [[1, 130], [5, 865], [1, 309], [4, 850], [2, 191], [1, 231], [4, 676], [5, 38], [4, 273], [1, 965]], "total_time": "0.000021", "waste": 2, "solution": [[[5, 38], [1, 130], [2, 191], [1, 231], [1, 309]], [[4, 273], [4, 676], [1, 965]], [[4, 850], [5, 865]]]}}, "4": {"greedy": {"itens": [[3, 790], [2, 992], [4, 726], [1, 427], [2, 241], [2, 482], [3, 968], [5, 200], [5, 767], [2, 12]], "total_time": "0.000021", "waste": 1, "solution": [[[2, 12], [5, 200], [2, 241], [1, 427]], [[2, 482], [4, 726], [3, 790]], [[5, 767], [3, 968], [2, 992]]]}}, "5": {"greedy": {"itens": [[2, 34], [2, 49], [4, 926], [5, 237], [5, 212], [2, 815], [3, 816], [4, 544], [1, 460], [4, 264]], "total_time": "0.000024", "waste": 8, "solution": [[[2, 34], [2, 49], [5, 212], [1, 460]], [[5, 237], [4, 264]], [[4, 544], [2, 815], [3, 816]], [[4, 926]]]}}, "6": {"greedy": {"itens": [[5, 455], [4, 803], [5, 461], [4, 987], [5, 273], [4, 884], [1, 750], [2, 992], [2, 528], [2, 825]], "total_time": "0.000024", "waste": 6, "solution": [[[5, 273], [5, 455]], [[5, 461], [2, 528], [1, 750], [2, 825]], [[4, 803], [4, 884], [2, 992]], [[4, 987]]]}}, "7": {"greedy": {"itens": [[5, 52], [1, 325], [2, 670], [4, 56], [1, 136], [2, 889], [3, 267], [4, 417], [1, 926], [1, 48]], "total_time": "0.000021", "waste": 6, "solution": [[[1, 48], [5, 52], [4, 56]], [[1, 136], [3, 267], [1, 325], [4, 417], [1, 926]], [[2, 670], [2, 889]]]}}, "8": {"greedy": {"itens": [[3, 215], [5, 407], [5, 942], [5, 636], [1, 278], [1, 880], [2, 770], [4, 555], [5, 754], [1, 236]], "total_time": "0.000022", "waste": 8, "solution": [[[3, 215], [1, 236], [1, 278], [5, 407]], [[4, 555], [5, 636], [1, 880]], [[5, 754], [2, 770]], [[5, 942]]]}}, "9": {"greedy": {"itens": [[1, 245], [4, 592], [3, 663], [5, 175], [5, 183], [2, 807], [5, 948], [5, 81], [5, 55], [1, 205]], "total_time": "0.000024", "waste": 4, "solution": [[[5, 55], [5, 81]], [[5, 175], [5, 183]], [[1, 205], [1, 245], [4, 592], [3, 663]], [[2, 807], [5, 948]]]}}, "10": {"greedy": {"itens": [[2, 963], [3, 745], [3, 228], [2, 143], [4, 589], [5, 692], [2, 142], [5, 637], [1, 147], [4, 541]], "total_time": "0.000023", "waste": 9, "solution": [[[2, 142], [2, 143], [1, 147], [3, 228], [2, 963]], [[4, 541], [4, 589]], [[5, 637], [5, 692]], [[3, 745]]]}}, "11": {"greedy": {"itens": [[5, 695], [3, 204], [1, 23], [5, 358], [4, 28], [1, 454], [1, 605], [1, 175], [3, 868], [2, 760]], "total_time": "0.000020", "waste": 4, "solution": [[[1, 23], [4, 28], [1, 175], [3, 204], [1, 454]], [[5, 358], [1, 605], [2, 760]], [[5, 695], [3, 868]]]}}, "12": {"greedy": {"itens": [[3, 212], [4, 465], [5, 739], [5, 374], [1, 809], [1, 281], [5, 105], [3, 469], [2, 745], [3, 164]], "total_time": "0.000022", "waste": 8, "solution": [[[5, 105], [3, 164], [1, 281], [1, 809]], [[3, 212], [5, 374], [2, 745]], [[4, 465], [3, 469]], [[5, 739]]]}}, "13": {"greedy": {"itens": [[5, 465], [5, 823], [3, 657], [2, 298], [5, 997], [2, 967], [4, 428], [4, 344], [5, 149], [4, 441]], "total_time": "0.000024", "waste": 1, "solution": [[[5, 149], [2, 298], [3, 657]], [[4, 344], [4, 428], [2, 967]], [[4, 441], [5, 465]], [[5, 823], [5, 997]]]}}, "14": {"greedy": {"itens": [[4, 409], [1, 396], [4, 477], [5, 334], [1, 19], [2, 441], [1, 111], [1, 403], [1, 177], [3, 81]], "total_time": "0.000019", "waste": 7, "solution": [[[1, 19], [3, 81], [1, 111], [1, 177], [1, 396], [1, 403], [2, 441]], [[5, 334], [4, 409]], [[4, 477]]]}}, "15": {"greedy": {"itens": [[3, 834], [5, 533], [3, 577], [2, 896], [2, 434], [5, 939], [4, 710], [2, 400], [5, 904], [4, 341]], "total_time": "0.000023", "waste": 5, "solution": [[[4, 341], [2, 400], [2, 434], [2, 896]], [[5, 533], [3, 577]], [[4, 710], [3, 834]], [[5, 904], [5, 939]]]}}, "16": {"greedy": {"itens": [[5, 498], [4, 601], [3, 951], [2, 196], [1, 927], [2, 357], [2, 297], [5, 430], [3, 854], [3, 699]], "total_time": "0.000021", "waste": 0, "solution": [[[2, 196], [2, 297], [2, 357], [4, 601]], [[5, 430], [5, 498]], [[3, 699], [3, 854], [1, 927], [3, 951]]]}}, "17": {"greedy": {"itens": [[2, 616], [2, 535], [3, 94], [2, 49], [2, 253], [3, 381], [4, 903], [2, 77], [1, 87], [4, 418]], "total_time": "0.000020", "waste": 5, "solution": [[[2, 49], [2, 77], [1, 87], [3, 94], [2, 253]], [[3, 381], [4, 418], [2, 535]], [[2, 616], [4, 903]]]}}, "18": {"greedy": {"itens": [[5, 286], [5, 661], [1, 987], [1, 810], [4, 932], [5, 805], [2, 425], [4, 960], [3, 199], [5, 609]], "total_time": "0.000026", "waste": 5, "solution": [[[3, 199], [5, 286], [2, 425]], [[5, 609], [5, 661]], [[5, 805], [1, 810], [4, 932]], [[4, 960], [1, 987]]]}}, "19": {"greedy": {"itens": [[5, 776], [5, 718], [3, 487], [2, 2], [1, 93], [5, 351], [5, 375], [5, 499], [3, 931], [4, 310]], "total_time": "0.000023", "waste": 2, "solution": [[[2, 2], [1, 93], [4, 310], [3, 487]], [[5, 351], [5, 375]], [[5, 499], [5, 718]], [[5, 776], [3, 931]]]}}, "20": {"greedy": {"itens": [[1, 266], [3, 676], [5, 558], [2, 520], [4, 222], [3, 87], [5, 328], [4, 415], [4, 875], [2, 834]], "total_time": "0.000022", "waste": 7, "solution": [[[3, 87], [4, 222], [1, 266], [2, 520]], [[5, 328], [4, 415]], [[5, 558], [3, 676], [2, 834]], [[4, 875]]]}}, "21": {"greedy": {"itens": [[2, 780], [5, 322], [1, 234], [5, 237], [5, 190], [3, 967], [5, 131], [4, 276], [5, 624], [3, 713]], "total_time": "0.000024", "waste": 2, "solution": [[[5, 131], [5, 190]], [[1, 234], [5, 237], [4, 276]], [[5, 322], [5, 624]], [[3, 713], [2, 780], [3, 967]]]}}, "22": {"greedy": {"itens": [[1, 227], [5, 734], [2, 456], [3, 176], [3, 716], [1, 30], [1, 264], [5, 235], [1, 730], [1, 173]], "total_time": "0.000021", "waste": 7, "solution": [[[1, 30], [1, 173], [3, 176], [1, 227], [1, 264], [2, 456], [1, 730]], [[5, 235], [3, 716]], [[5, 734]]]}}, "23": {"greedy": {"itens": [[2, 578], [2, 656], [3, 410], [1, 568], [1, 828], [4, 978], [2, 922], [4, 364], [1, 860], [3, 800]], "total_time": "0.000023", "waste": 7, "solution": [[[4, 364], [3, 410], [1, 568], [2, 578]], [[2, 656], [3, 800], [1, 828], [1, 860], [2, 922]], [[4, 978]]]}}, "24": {"greedy": {"itens": [[5, 256], [3, 651], [2, 378], [3, 820], [1, 169], [5, 223], [4, 390], [2, 586], [4, 610], [1, 214]], "total_time": "0.000029", "waste": 10, "solution": [[[1, 169], [1, 214], [5, 223], [2, 378]], [[5, 256], [4, 390]], [[2, 586], [4, 610], [3, 651]], [[3, 820]]]}}, "25": {"greedy": {"itens": [[2, 276], [4, 675], [2, 785], [5, 14], [3, 14], [2, 328], [1, 6], [3, 652], [2, 59], [5, 478]], "total_time": "0.000025", "waste": 11, "solution": [[[1, 6], [5, 14], [3, 14]], [[2, 59], [2, 276], [2, 328], [3, 652]], [[5, 478], [4, 675]], [[2, 785]]]}}, "26": {"greedy": {"itens": [[2, 216], [2, 274], [2, 468], [5, 718], [4, 264], [5, 271], [2, 389], [3, 857], [2, 39], [5, 178]], "total_time": "0.000024", "waste": 8, "solution": [[[2, 39], [5, 178], [2, 216]], [[4, 264], [5, 271]], [[2, 274], [2, 389], [2, 468], [3, 857]], [[5, 718]]]}}, "27": {"greedy": {"itens": [[5, 334], [3, 403], [4, 49], [4, 912], [1, 22], [5, 673], [4, 312], [5, 765], [5, 36], [1, 405]], "total_time": "0.000026", "waste": 3,