{"0": {"brute_force": {"itens": [[3, 492], [3, 742], [5, 264], [4, 648], [4, 840], [2, 249], [1, 264]], "total_time": "0.053843", "waste": 8, "solution": [[[1, 264], [2, 249], [4, 840], [3, 742]], [[4, 648], [5, 264]], [[3, 492]]]}, "greedy": {"itens": [[3, 492], [3, 742], [5, 264], [4, 648], [4, 840], [2, 249], [1, 264]], "total_time": "0.000017", "waste": 8, "solution": [[[2, 249], [5, 264], [1, 264]], [[3, 492], [4, 648], [3, 742]], [[4, 840]]]}}, "1": {"brute_force": {"itens": [[5, 999], [4, 462], [3, 878], [3, 855], [5, 32], [3, 274], [5, 708]], "total_time": "0.028181", "waste": 12, "solution": [[[5, 708], [3, 274]], [[5, 32], [3, 855]], [[3, 878], [4, 462]], [[5, 999]]]}, "greedy": {"itens": [[5, 999], [4, 462], [3, 878], [3, 855], [5, 32], [3, 274], [5, 708]], "total_time": "0.000015", "waste": 12, "solution": [[[5, 32], [3, 274]], [[4, 462], [5, 708]], [[3, 855], [3, 878]], [[5, 999]]]}}, "2": {"brute_force": {"itens": [[4, 577], [5, 603], [5, 775], [5, 36], [2, 223], [5, 974], [3, 454]], "total_time": "0.027447", "waste": 1, "solution": [[[3, 454], [5, 974], [2, 223]], [[5, 36], [5, 775]], [[5, 603], [4, 577]]]}, "greedy": {"itens": [[4, 577], [5, 603], [5, 775], [5, 36], [2, 223], [5, 974], [3, 454]], "total_time": "0.000011", "waste": 1, "solution": [[[5, 36], [2, 223], [3, 454]], [[4, 577], [5, 603]], [[5, 775], [5, 974]]]}}, "3": {"brute_force": {"itens": [[3, 470], [1, 652], [1, 439], [4, 504], [3, 331], [3, 174], [5, 715]], "total_time": "0.023083", "waste": 0, "solution": [[[5, 715], [3, 174], [1, 439], [1, 652]], [[3, 331], [4, 504], [3, 470]]]}, "greedy": {"itens": [[3, 470], [1, 652], [1, 439], [4, 504], [3, 331], [3, 174], [5, 715]], "total_time": "0.000010", "waste": 0, "solution": [[[3, 174], [3, 331], [1, 439], [3, 470]], [[4, 504], [1, 652], [5, 715]]]}}, "4": {"brute_force": {"itens": [[1, 355], [3, 235], [3, 803], [1, 516], [1, 331], [4, 491], [3, 989]], "total_time": "0.021663", "waste": 4, "solution": [[[3, 989], [4, 491], [1, 331], [1, 516], [1, 355]], [[3, 803], [3, 235]]]}, "greedy": {"itens": [[1, 355], [3, 235], [3, 803], [1, 516], [1, 331], [4, 491], [3, 989]], "total_time": "0.000010", "waste": 4, "solution": [[[3, 235], [1, 331], [1, 355], [4, 491], [1, 516]], [[3, 803], [3, 989]]]}}, "5": {"brute_force": {"itens": [[2, 492], [5, 637], [1, 921], [3, 666], [4, 785], [4, 372], [1, 891]], "total_time": "0.023490", "waste": 0, "solution": [[[1, 891], [4, 372], [4, 785], [1, 921]], [[3, 666], [5, 637], [2, 492]]]}, "greedy": {"itens": [[2, 492], [5, 637], [1, 921], [3, 666], [4, 785], [4, 372], [1, 891]], "total_time": "0.000013", "waste": 0, "solution": [[[4, 372], [2, 492], [3, 666], [1, 891]], [[5, 637], [4, 785], [1, 921]]]}}, "6": {"brute_force": {"itens": [[3, 694], [3, 85], [2, 861], [3, 610], [1, 804], [1, 19], [1, 53]], "total_time": "0.021727", "waste": 6, "solution": [[[1, 53], [1, 19], [1, 804], [3, 610], [2, 861]], [[3, 85], [3, 694]]]}, "greedy": {"itens": [[3, 694], [3, 85], [2, 861], [3, 610], [1, 804], [1, 19], [1, 53]], "total_time": "0.000011", "waste": 6, "solution": [[[1, 19], [1, 53], [3, 85], [3, 610], [1, 804]], [[3, 694], [2, 861]]]}}, "7": {"brute_force": {"itens": [[3, 186], [5, 314], [1, 818], [4, 680], [4, 868], [2, 756], [4, 172]], "total_time": "0.024625", "waste": 7, "solution": [[[4, 172], [2, 756], [4, 868]], [[4, 680], [1, 818], [5, 314]], [[3, 186]]]}, "greedy": {"itens": [[3, 186], [5, 314], [1, 818], [4, 680], [4, 868], [2, 756], [4, 172]], "total_time": "0.000013", "waste": 7, "solution": [[[4, 172], [3, 186], [2, 756], [1, 818]], [[5, 314], [4, 680]], [[4, 868]]]}}, "8": {"brute_force": {"itens": [[3, 641], [4, 386], [1, 269], [4, 76], [3, 18], [2, 98], [1, 884]], "total_time": "0.022247", "waste": 2, "solution": [[[1, 884], [2, 98], [3, 18], [4, 76]], [[1, 269], [4, 386], [3, 641]]]}, "greedy": {"itens": [[3, 641], [4, 386], [1, 269], [4, 76], [3, 18], [2, 98], [1, 884]], "total_time": "0.000011", "waste": 2, "solution": [[[3, 18], [4, 76], [2, 98], [1, 269]], [[4, 386], [3, 641], [1, 884]]]}}, "9": {"brute_force": {"itens": [[3, 505], [1, 738], [4, 141], [3, 28], [2, 591], [4, 293], [1, 582]], "total_time": "0.022033", "waste": 2, "solution": [[[1, 582], [4, 293], [2, 591], [3, 28]], [[4, 141], [1, 738], [3, 505]]]}, "greedy": {"itens": [[3, 505], [1, 738], [4, 141], [3, 28], [2, 591], [4, 293], [1, 582]], "total_time": "0.000010", "waste": 2, "solution": [[[3, 28], [4, 141], [3, 505]], [[4, 293], [1, 582], [2, 591], [1, 738]]]}}, "10": {"brute_force": {"itens": [[3, 10], [1, 759], [1, 269], [3, 570], [5, 904], [1, 633], [2, 754]], "total_time": "0.022136", "waste": 4, "solution": [[[2, 754], [1, 633], [5, 904], [1, 269], [1, 759]], [[3, 570], [3, 10]]]}, "greedy": {"itens": [[3, 10], [1, 759], [1, 269], [3, 570], [5, 904], [1, 633], [2, 754]], "total_time": "0.000009", "waste": 4, "solution": [[[3, 10], [1, 269], [3, 570], [1, 633], [2, 754]], [[1, 759], [5, 904]]]}}, "11": {"brute_force": {"itens": [[3, 281], [4, 980], [1, 536], [2, 289], [5, 680], [3, 684], [5, 913]], "total_time": "0.027019", "waste": 7, "solution": [[[5, 913], [3, 684], [2, 289]], [[5, 680], [1, 536], [4, 980]], [[3, 281]]]}, "greedy": {"itens": [[3, 281], [4, 980], [1, 536], [2, 289], [5, 680], [3, 684], [5, 913]], "total_time": "0.000015", "waste": 7, "solution": [[[3, 281], [2, 289], [1, 536], [3, 684]], [[5, 680], [5, 913]], [[4, 980]]]}}, "12": {"brute_force": {"itens": [[2, 475], [4, 55], [2, 181], [3, 742], [1, 958], [5, 698], [3, 1004]], "total_time": "0.023225", "waste": 10, "solution": [[[3, 1004], [5, 698], [1, 958]], [[3, 742], [2, 181], [4, 55]], [[2, 475]]]}, "greedy": {"itens": [[2, 475], [4, 55], [2, 181], [3, 742], [1, 958], [5, 698], [3, 1004]], "total_time": "0.000013", "waste": 10, "solution": [[[4, 55], [2, 181], [2, 475], [1, 958]], [[5, 698], [3, 742]], [[3, 1004]]]}}, "13": {"brute_force": {"itens": [[4, 248], [2, 246], [1, 315], [2, 452], [1, 103], [5, 195], [1, 907]], "total_time": "0.021742", "waste": 4, "solution": [[[1, 907], [5, 195], [1, 103], [2, 452], [1, 315]], [[2, 246], [4, 248]]]}, "greedy": {"itens": [[4, 248], [2, 246], [1, 315], [2, 452], [1, 103], [5, 195], [1, 907]], "total_time": "0.000009", "waste": 4, "solution": [[[1, 103], [5, 195], [2, 246], [1, 315], [1, 907]], [[4, 248], [2, 452]]]}}, "14": {"brute_force": {"itens": [[5, 330], [5, 55], [5, 973], [5, 80], [2, 403], [2, 792], [2, 955]], "total_time": "0.026883", "waste": 4, "solution": [[[2, 955], [2, 792], [2, 403]], [[5, 80], [5, 973]], [[5, 55], [5, 330]]]}, "greedy": {"itens": [[5, 330], [5, 55], [5, 973], [5, 80], [2, 403], [2, 792], [2, 955]], "total_time": "0.000010", "waste": 4, "solution": [[[5, 55], [5, 80]], [[5, 330], [2, 403], [2, 792]], [[2, 955], [5, 973]]]}}, "15": {"brute_force": {"itens": [[2, 32], [3, 402], [2, 574], [3, 604], [2, 523], [5, 655], [1, 398]], "total_time": "0.021770", "waste": 2, "solution": [[[1, 398], [5, 655], [2, 523], [2, 574]], [[3, 604], [3, 402], [2, 32]]]}, "greedy": {"itens": [[2, 32], [3, 402], [2, 574], [3, 604], [2, 523], [5, 655], [1, 398]], "total_time": "0.000009", "waste": 2, "solution": [[[2, 32], [1, 398], [3, 402], [2, 523], [2, 574]], [[3, 604], [5, 655]]]}}, "16": {"brute_force": {"itens": [[5, 770], [2, 31], [2, 397], [2, 286], [3, 358], [2, 213], [4, 799]], "total_time": "0.023630", "waste": 10, "solution": [[[4, 799], [2, 213], [3, 358]], [[2, 286], [2, 397], [2, 31]], [[5, 770]]]}, "greedy": {"itens": [[5, 770], [2, 31], [2, 397], [2, 286], [3, 358], [2, 213], [4, 799]], "total_time": "0.000010", "waste": 10, "solution": [[[2, 31], [2, 213], [2, 286], [3, 358]], [[2, 397], [5, 770]], [[4, 799]]]}}, "17": {"brute_force": {"itens": [[1, 183], [4, 462], [4, 17], [1, 937], [5, 904], [3, 770], [5, 351]], "total_time": "0.023778", "waste": 7, "solution": [[[5, 351], [3, 770], [1, 937], [1, 183]], [[5, 904], [4, 17]], [[4, 462]]]}, "greedy": {"itens": [[1, 183], [4, 462], [4, 17], [1, 937], [5, 904], [3, 770], [5, 351]], "total_time": "0.000009",