{"0": {"brute_force": {"itens": [37, 46, 41, 85, 21], "total_time": "0.000674", "waste": 70, "solution": [[37, 46], [41, 21], [85]]}, "greedy": {"itens": [37, 46, 41, 85, 21], "total_time": "0.000009", "waste": 70, "solution": [[21, 37, 41], [46], [85]]}}}