{"0": {"brute_force": {"itens": [[3, 82], [9, 94], [9, 17], [2, 63], [1, 61]], "total_time": "0.001461", "waste": 6, "solution": [[[1, 61], [2, 63], [3, 82]], [[9, 17]], [[9, 94]]]}, "greedy": {"itens": [[3, 82], [9, 94], [9, 17], [2, 63], [1, 61]], "total_time": "0.000019", "waste": 6, "solution": [[[9, 17], [1, 61]], [[2, 63], [3, 82]], [[9, 94]]]}}}