{"0": {"brute_force": {"itens": [[4, 408], [1, 108], [2, 69], [5, 476], [4, 337]], "total_time": "0.000952", "waste": 4, "solution": [[[4, 337], [5, 476], [1, 108]], [[2, 69], [4, 408]]]}, "greedy": {"itens": [[4, 408], [1, 108], [2, 69], [5, 476], [4, 337]], "total_time": "0.000016", "waste": 4, "solution": [[[2, 69], [1, 108], [4, 337]], [[4, 408], [5, 476]]]}}, "1": {"brute_force": {"itens": [[4, 721], [2, 754], [5, 857], [3, 150], [5, 316]], "total_time": "0.000984", "waste": 1, "solution": [[[5, 316], [3, 150], [2, 754]], [[5, 857], [4, 721]]]}, "greedy": {"itens": [[4, 721], [2, 754], [5, 857], [3, 150], [5, 316]], "total_time": "0.000013", "waste": 1, "solution": [[[3, 150], [5, 316], [2, 754]], [[4, 721], [5, 857]]]}}, "2": {"brute_force": {"itens": [[5, 559], [5, 500], [4, 54], [4, 460], [4, 773]], "total_time": "0.001055", "waste": 8, "solution": [[[4, 773], [4, 460]], [[4, 54], [5, 500]], [[5, 559]]]}, "greedy": {"itens": [[5, 559], [5, 500], [4, 54], [4, 460], [4, 773]], "total_time": "0.000015", "waste": 8, "solution": [[[4, 54], [4, 460]], [[5, 500], [5, 559]], [[4, 773]]]}}, "3": {"brute_force": {"itens": [[4, 318], [2, 95], [1, 412], [3, 204], [1, 787]], "total_time": "0.000839", "waste": 9, "solution": [[[1, 787], [3, 204], [1, 412], [2, 95]], [[4, 318]]]}, "greedy": {"itens": [[4, 318], [2, 95], [1, 412], [3, 204], [1, 787]], "total_time": "0.000013", "waste": 9, "solution": [[[2, 95], [3, 204], [4, 318], [1, 412]], [[1, 787]]]}}, "4": {"brute_force": {"itens": [[4, 167], [4, 150], [1, 518], [4, 177], [2, 520]], "total_time": "0.000942", "waste": 5, "solution": [[[2, 520], [4, 177], [1, 518]], [[4, 150], [4, 167]]]}, "greedy": {"itens": [[4, 167], [4, 150], [1, 518], [4, 177], [2, 520]], "total_time": "0.000013", "waste": 5, "solution": [[[4, 150], [4, 167], [1, 518]], [[4, 177], [2, 520]]]}}, "5": {"brute_force": {"itens": [[3, 801], [4, 302], [2, 548], [2, 997], [1, 237]], "total_time": "0.000824", "waste": 8, "solution": [[[1, 237], [2, 997], [2, 548], [4, 302]], [[3, 801]]]}, "greedy": {"itens": [[3, 801], [4, 302], [2, 548], [2, 997], [1, 237]], "total_time": "0.000012", "waste": 8, "solution": [[[1, 237], [4, 302], [2, 548], [3, 801]], [[2, 997]]]}}, "6": {"brute_force": {"itens": [[4, 716], [1, 691], [1, 337], [5, 831], [5, 365]], "total_time": "0.000987", "waste": 4, "solution": [[[5, 365], [5, 831]], [[1, 337], [1, 691], [4, 716]]]}, "greedy": {"itens": [[4, 716], [1, 691], [1, 337], [5, 831], [5, 365]], "total_time": "0.000017", "waste": 4, "solution": [[[1, 337], [5, 365], [1, 691]], [[4, 716], [5, 831]]]}}, "7": {"brute_force": {"itens": [[1, 435], [1, 900], [5, 265], [5, 245], [2, 197]], "total_time": "0.000852", "waste": 6, "solution": [[[2, 197], [5, 245], [1, 900], [1, 435]], [[5, 265]]]}, "greedy": {"itens": [[1, 435], [1, 900], [5, 265], [5, 245], [2, 197]], "total_time": "0.000012", "waste": 6, "solution": [[[2, 197], [5, 245], [1, 435], [1, 900]], [[5, 265]]]}}, "8": {"brute_force": {"itens": [[1, 762], [5, 36], [4, 379], [3, 940], [5, 874]], "total_time": "0.000944", "waste": 2, "solution": [[[5, 874], [3, 940], [1, 762]], [[4, 379], [5, 36]]]}, "greedy": {"itens": [[1, 762], [5, 36], [4, 379], [3, 940], [5, 874]], "total_time": "0.000014", "waste": 2, "solution": [[[5, 36], [4, 379], [1, 762]], [[5, 874], [3, 940]]]}}, "9": {"brute_force": {"itens": [[5, 900], [3, 225], [3, 694], [2, 64], [3, 361]], "total_time": "0.000973", "waste": 4, "solution": [[[3, 361], [2, 64], [3, 694]], [[3, 225], [5, 900]]]}, "greedy": {"itens": [[5, 900], [3, 225], [3, 694], [2, 64], [3, 361]], "total_time": "0.000012", "waste": 4, "solution": [[[2, 64], [3, 225], [3, 361]], [[3, 694], [5, 900]]]}}, "10": {"brute_force": {"itens": [[4, 524], [5, 503], [4, 380], [4, 318], [2, 945]], "total_time": "0.000934", "waste": 1, "solution": [[[2, 945], [4, 318], [4, 380]], [[5, 503], [4, 524]]]}, "greedy": {"itens": [[4, 524], [5, 503], [4, 380], [4, 318], [2, 945]], "total_time": "0.000014", "waste": 1, "solution": [[[4, 318], [4, 380], [2, 945]], [[5, 503], [4, 524]]]}}, "11": {"brute_force": {"itens": [[4, 113], [1, 425], [1, 551], [2, 715], [1, 890]], "total_time": "0.000788", "waste": 1, "solution": [[[1, 890], [2, 715], [1, 551], [1, 425], [4, 113]]]}, "greedy": {"itens": [[4, 113], [1, 425], [1, 551], [2, 715], [1, 890]], "total_time": "0.000010", "waste": 1, "solution": [[[4, 113], [1, 425], [1, 551], [2, 715], [1, 890]]]}}, "12": {"brute_force": {"itens": [[2, 880], [2, 564], [4, 543], [1, 477], [1, 705]], "total_time": "0.000743", "waste": 0, "solution": [[[1, 705], [1, 477], [4, 543], [2, 564], [2, 880]]]}, "greedy": {"itens": [[2, 880], [2, 564], [4, 543], [1, 477], [1, 705]], "total_time": "0.000011", "waste": 0, "solution": [[[1, 477], [4, 543], [2, 564], [1, 705], [2, 880]]]}}, "13": {"brute_force": {"itens": [[1, 405], [4, 476], [2, 384], [5, 507], [1, 394]], "total_time": "0.000859", "waste": 7, "solution": [[[1, 394], [5, 507], [2, 384], [1, 405]], [[4, 476]]]}, "greedy": {"itens": [[1, 405], [4, 476], [2, 384], [5, 507], [1, 394]], "total_time": "0.000013", "waste": 7, "solution": [[[2, 384], [1, 394], [1, 405], [4, 476]], [[5, 507]]]}}, "14": {"brute_force": {"itens": [[5, 731], [1, 35], [4, 56], [5, 212], [1, 917]], "total_time": "0.001009", "waste": 4, "solution": [[[1, 917], [5, 212], [4, 56]], [[1, 35], [5, 731]]]}, "greedy": {"itens": [[5, 731], [1, 35], [4, 56], [5, 212], [1, 917]], "total_time": "0.000014", "waste": 4, "solution": [[[1, 35], [4, 56], [5, 212]], [[5, 731], [1, 917]]]}}, "15": {"brute_force": {"itens": [[4, 734], [1, 619], [2, 416], [5, 496], [2, 884]], "total_time": "0.000880", "waste": 6, "solution": [[[2, 884], [5, 496], [2, 416], [1, 619]], [[4, 734]]]}, "greedy": {"itens": [[4, 734], [1, 619], [2, 416], [5, 496], [2, 884]], "total_time": "0.000017", "waste": 6, "solution": [[[2, 416], [5, 496], [1, 619], [2, 884]], [[4, 734]]]}}, "16": {"brute_force": {"itens": [[1, 361], [4, 800], [2, 296], [3, 966], [1, 884]], "total_time": "0.000835", "waste": 9, "solution": [[[1, 884], [3, 966], [2, 296], [4, 800]], [[1, 361]]]}, "greedy": {"itens": [[1, 361], [4, 800], [2, 296], [3, 966], [1, 884]], "total_time": "0.000013", "waste": 9, "solution": [[[2, 296], [1, 361], [4, 800], [1, 884]], [[3, 966]]]}}, "17": {"brute_force": {"itens": [[3, 471], [5, 262], [2, 763], [4, 254], [2, 34]], "total_time": "0.001011", "waste": 4, "solution": [[[2, 34], [4, 254], [2, 763]], [[5, 262], [3, 471]]]}, "greedy": {"itens": [[3, 471], [5, 262], [2, 763], [4, 254], [2, 34]], "total_time": "0.000015", "waste": 4, "solution": [[[2, 34], [4, 254], [3, 471]], [[5, 262], [2, 763]]]}}, "18": {"brute_force": {"itens": [[5, 471], [2, 474], [1, 971], [5, 16], [4, 693]], "total_time": "0.000978", "waste": 3, "solution": [[[4, 693], [5, 16], [1, 971]], [[2, 474], [5, 471]]]}, "greedy": {"itens": [[5, 471], [2, 474], [1, 971], [5, 16], [4, 693]], "total_time": "0.000013", "waste": 3, "solution": [[[5, 16], [5, 471]], [[2, 474], [4, 693], [1, 971]]]}}, "19": {"brute_force": {"itens": [[5, 735], [1, 375], [3, 356], [1, 451], [5, 229]], "total_time": "0.000828", "waste": 5, "solution": [[[5, 229], [1, 451], [3, 356], [1, 375]], [[5, 735]]]}, "greedy": {"itens": [[5, 735], [1, 375], [3, 356], [1, 451], [5, 229]], "total_time": "0.000012", "waste": 5, "solution": [[[5, 229], [3, 356], [1, 375], [1, 451]], [[5, 735]]]}}, "20": {"brute_force": {"itens": [[3, 149], [5, 26], [5, 251], [2, 741], [4, 940]], "total_time": "0.000902", "waste": 1, "solution": [[[4, 940], [2, 741], [3, 149]], [[5, 251], [5, 26]]]}, "greedy": {"itens": [[3, 149], [5, 26], [5, 251], [2, 741], [4, 940]], "total_time": "0.000026", "waste": 1, "solution": [[[5, 26], [3, 149], [2, 741]], [[5, 251], [4, 940]]]}}, "21": {"brute_force": {"itens": [[5, 963], [3, 21], [1, 978], [4, 585], [5, 813]], "total_time": "0.000818", "waste": 2, "solution": [[[5, 813], [4, 585], [1, 978]], [[3, 21], [5, 963]]]}, "greedy": {"itens": [[5, 963], [3, 21], [1, 978], [4, 585], [5, 813]],