{"0": {"brute_force": {"itens": [54, 53, 14, 74, 3], "total_time": "0.000272", "waste": 102, "solution": [[54, 14, 3], [53], [74]]}, "greedy": {"itens": [54, 53, 14, 74, 3], "total_time": "0.000005", "waste": 102, "solution": [[3, 14, 53], [54], [74]]}}}