{"0": {"brute_force": {"itens": [[5, 474], [4, 814], [3, 287], [2, 735], [4, 314]], "total_time": "0.000928", "waste": 2, "solution": [[[4, 314], [2, 735], [3, 287]], [[4, 814], [5, 474]]]}, "greedy": {"itens": [[5, 474], [4, 814], [3, 287], [2, 735], [4, 314]], "total_time": "0.000015", "waste": 2, "solution": [[[3, 287], [4, 314], [2, 735]], [[5, 474], [4, 814]]]}}, "1": {"brute_force": {"itens": [[5, 141], [2, 208], [2, 328], [2, 558], [3, 73]], "total_time": "0.000905", "waste": 6, "solution": [[[3, 73], [2, 558], [2, 328], [2, 208]], [[5, 141]]]}, "greedy": {"itens": [[5, 141], [2, 208], [2, 328], [2, 558], [3, 73]], "total_time": "0.000012", "waste": 6, "solution": [[[3, 73], [5, 141], [2, 208]], [[2, 328], [2, 558]]]}}, "2": {"brute_force": {"itens": [[1, 973], [3, 504], [2, 736], [3, 672], [3, 824]], "total_time": "0.000804", "waste": 8, "solution": [[[3, 824], [3, 672], [2, 736], [1, 973]], [[3, 504]]]}, "greedy": {"itens": [[1, 973], [3, 504], [2, 736], [3, 672], [3, 824]], "total_time": "0.000011", "waste": 8, "solution": [[[3, 504], [3, 672], [2, 736], [1, 973]], [[3, 824]]]}}, "3": {"brute_force": {"itens": [[2, 305], [3, 12], [1, 630], [5, 555], [4, 3]], "total_time": "0.000860", "waste": 5, "solution": [[[4, 3], [5, 555], [1, 630]], [[3, 12], [2, 305]]]}, "greedy": {"itens": [[2, 305], [3, 12], [1, 630], [5, 555], [4, 3]], "total_time": "0.000011", "waste": 5, "solution": [[[4, 3], [3, 12], [2, 305], [1, 630]], [[5, 555]]]}}, "4": {"brute_force": {"itens": [[1, 945], [5, 732], [4, 551], [2, 116], [4, 674]], "total_time": "0.000908", "waste": 4, "solution": [[[4, 674], [2, 116], [4, 551]], [[5, 732], [1, 945]]]}, "greedy": {"itens": [[1, 945], [5, 732], [4, 551], [2, 116], [4, 674]], "total_time": "0.000011", "waste": 4, "solution": [[[2, 116], [4, 551], [4, 674]], [[5, 732], [1, 945]]]}}, "5": {"brute_force": {"itens": [[3, 980], [3, 250], [2, 22], [2, 146], [5, 40]], "total_time": "0.000853", "waste": 5, "solution": [[[5, 40], [2, 146], [2, 22]], [[3, 250], [3, 980]]]}, "greedy": {"itens": [[3, 980], [3, 250], [2, 22], [2, 146], [5, 40]], "total_time": "0.000011", "waste": 5, "solution": [[[2, 22], [5, 40], [2, 146]], [[3, 250], [3, 980]]]}}, "6": {"brute_force": {"itens": [[3, 564], [2, 71], [2, 345], [2, 162], [2, 550]], "total_time": "0.000804", "waste": 9, "solution": [[[2, 550], [2, 162], [2, 345], [2, 71]], [[3, 564]]]}, "greedy": {"itens": [[3, 564], [2, 71], [2, 345], [2, 162], [2, 550]], "total_time": "0.000011", "waste": 9, "solution": [[[2, 71], [2, 162], [2, 345], [2, 550]], [[3, 564]]]}}, "7": {"brute_force": {"itens": [[1, 317], [2, 507], [5, 417], [3, 282], [3, 86]], "total_time": "0.000809", "waste": 6, "solution": [[[3, 86], [3, 282], [2, 507], [1, 317]], [[5, 417]]]}, "greedy": {"itens": [[1, 317], [2, 507], [5, 417], [3, 282], [3, 86]], "total_time": "0.000013", "waste": 6, "solution": [[[3, 86], [3, 282], [1, 317], [2, 507]], [[5, 417]]]}}, "8": {"brute_force": {"itens": [[3, 295], [3, 124], [5, 869], [5, 110], [5, 993]], "total_time": "0.001122", "waste": 9, "solution": [[[5, 993], [5, 110]], [[5, 869], [3, 124]], [[3, 295]]]}, "greedy": {"itens": [[3, 295], [3, 124], [5, 869], [5, 110], [5, 993]], "total_time": "0.000014", "waste": 9, "solution": [[[5, 110], [3, 124]], [[3, 295], [5, 869]], [[5, 993]]]}}, "9": {"brute_force": {"itens": [[5, 982], [5, 726], [1, 373], [5, 264], [4, 547]], "total_time": "0.000921", "waste": 0, "solution": [[[4, 547], [5, 264], [1, 373]], [[5, 726], [5, 982]]]}, "greedy": {"itens": [[5, 982], [5, 726], [1, 373], [5, 264], [4, 547]], "total_time": "0.000011", "waste": 0, "solution": [[[5, 264], [1, 373], [4, 547]], [[5, 726], [5, 982]]]}}, "10": {"brute_force": {"itens": [[3, 138], [1, 35], [1, 839], [1, 436], [3, 932]], "total_time": "0.000723", "waste": 1, "solution": [[[3, 932], [1, 436], [1, 839], [1, 35], [3, 138]]]}, "greedy": {"itens": [[3, 138], [1, 35], [1, 839], [1, 436], [3, 932]], "total_time": "0.000010", "waste": 1, "solution": [[[1, 35], [3, 138], [1, 436], [1, 839], [3, 932]]]}}, "11": {"brute_force": {"itens": [[5, 483], [1, 652], [5, 805], [3, 465], [2, 154]], "total_time": "0.000940", "waste": 4, "solution": [[[2, 154], [3, 465], [5, 805]], [[1, 652], [5, 483]]]}, "greedy": {"itens": [[5, 483], [1, 652], [5, 805], [3, 465], [2, 154]], "total_time": "0.000012", "waste": 4, "solution": [[[2, 154], [3, 465], [5, 483]], [[1, 652], [5, 805]]]}}, "12": {"brute_force": {"itens": [[4, 466], [1, 619], [5, 11], [1, 316], [4, 107]], "total_time": "0.000849", "waste": 5, "solution": [[[4, 107], [1, 316], [5, 11]], [[1, 619], [4, 466]]]}, "greedy": {"itens": [[4, 466], [1, 619], [5, 11], [1, 316], [4, 107]], "total_time": "0.000012", "waste": 5, "solution": [[[5, 11], [4, 107], [1, 316]], [[4, 466], [1, 619]]]}}, "13": {"brute_force": {"itens": [[5, 353], [1, 817], [3, 918], [1, 817], [4, 676]], "total_time": "0.000715", "waste": 7, "solution": [[[4, 676], [1, 817], [3, 918]], [[5, 353]]]}, "greedy": {"itens": [[5, 353], [1, 817], [3, 918], [1, 817], [4, 676]], "total_time": "0.000010", "waste": 7, "solution": [[[5, 353], [4, 676], [1, 817]], [[3, 918]]]}}, "14": {"brute_force": {"itens": [[4, 82], [5, 559], [3, 984], [5, 344], [2, 709]], "total_time": "0.000916", "waste": 1, "solution": [[[2, 709], [5, 344], [3, 984]], [[5, 559], [4, 82]]]}, "greedy": {"itens": [[4, 82], [5, 559], [3, 984], [5, 344], [2, 709]], "total_time": "0.000014", "waste": 1, "solution": [[[4, 82], [5, 344]], [[5, 559], [2, 709], [3, 984]]]}}, "15": {"brute_force": {"itens": [[3, 421], [3, 164], [4, 782], [5, 826], [2, 883]], "total_time": "0.000911", "waste": 3, "solution": [[[2, 883], [5, 826], [3, 164]], [[4, 782], [3, 421]]]}, "greedy": {"itens": [[3, 421], [3, 164], [4, 782], [5, 826], [2, 883]], "total_time": "0.000016", "waste": 3, "solution": [[[3, 164], [3, 421], [4, 782]], [[5, 826], [2, 883]]]}}, "16": {"brute_force": {"itens": [[2, 363], [3, 674], [1, 484], [2, 511], [1, 299]], "total_time": "0.000735", "waste": 1, "solution": [[[1, 299], [2, 511], [1, 484], [3, 674], [2, 363]]]}, "greedy": {"itens": [[2, 363], [3, 674], [1, 484], [2, 511], [1, 299]], "total_time": "0.000012", "waste": 1, "solution": [[[1, 299], [2, 363], [1, 484], [2, 511], [3, 674]]]}}, "17": {"brute_force": {"itens": [[2, 430], [4, 266], [5, 134], [4, 243], [1, 782]], "total_time": "0.000898", "waste": 4, "solution": [[[1, 782], [4, 243], [5, 134]], [[4, 266], [2, 430]]]}, "greedy": {"itens": [[2, 430], [4, 266], [5, 134], [4, 243], [1, 782]], "total_time": "0.000012", "waste": 4, "solution": [[[5, 134], [4, 243], [1, 782]], [[4, 266], [2, 430]]]}}, "18": {"brute_force": {"itens": [[3, 92], [1, 808], [4, 14], [2, 840], [5, 662]], "total_time": "0.000857", "waste": 5, "solution": [[[5, 662], [2, 840], [1, 808]], [[4, 14], [3, 92]]]}, "greedy": {"itens": [[3, 92], [1, 808], [4, 14], [2, 840], [5, 662]], "total_time": "0.000011", "waste": 5, "solution": [[[4, 14], [3, 92], [1, 808], [2, 840]], [[5, 662]]]}}, "19": {"brute_force": {"itens": [[4, 350], [2, 511], [1, 732], [3, 835], [3, 420]], "total_time": "0.000799", "waste": 7, "solution": [[[3, 420], [3, 835], [1, 732], [2, 511]], [[4, 350]]]}, "greedy": {"itens": [[4, 350], [2, 511], [1, 732], [3, 835], [3, 420]], "total_time": "0.000010", "waste": 7, "solution": [[[4, 350], [3, 420], [2, 511], [1, 732]], [[3, 835]]]}}, "20": {"brute_force": {"itens": [[4, 855], [4, 326], [3, 485], [5, 221], [5, 18]], "total_time": "0.001023", "waste": 9, "solution": [[[5, 18], [5, 221]], [[3, 485], [4, 326]], [[4, 855]]]}, "greedy": {"itens": [[4, 855], [4, 326], [3, 485], [5, 221], [5, 18]], "total_time": "0.000014", "waste": 9, "solution": [[[5, 18], [5, 221]], [[4, 326], [3, 485]], [[4, 855]]]}}, "21": {"brute_force": {"itens": [[4, 437], [3, 427], [3, 612], [4, 393], [3, 169]], "total_time": "0.000899", "waste": 3, "solution": [[[3, 169], [4, 393], [3, 612]], [[3, 427], [4, 437]]]}, "greedy": {"itens": [[4, 437], [3, 427], [3, 612], [4, 393], [3, 169]], "total_time": "0.000011",