{"0": {"greedy": {"itens": [[7, 666], [2, 818], [3, 272], [3, 932], [3, 308], [9, 952], [2, 991], [6, 165], [8, 590], [5, 392], [9, 960]], "total_time": "0.000033", "waste": 3, "solution": [[[6, 165], [3, 272]], [[3, 308], [5, 392], [2, 818]], [[8, 590], [2, 991]], [[7, 666], [3, 932]], [[9, 952]], [[9, 960]]]}}, "1": {"greedy": {"itens": [[3, 184], [3, 391], [4, 888], [2, 12], [3, 158], [2, 830], [2, 605], [2, 111], [7, 131], [7, 814], [5, 929]], "total_time": "0.000016", "waste": 10, "solution": [[[2, 12], [2, 111], [3, 158], [3, 184]], [[7, 131], [3, 391]], [[2, 605], [7, 814]], [[2, 830], [4, 888]], [[5, 929]]]}}, "2": {"greedy": {"itens": [[7, 341], [8, 713], [4, 689], [5, 183], [9, 530], [9, 360], [3, 7], [2, 336], [4, 752], [7, 565], [8, 945]], "total_time": "0.000041", "waste": 14, "solution": [[[3, 7], [5, 183], [2, 336]], [[7, 341]], [[9, 360]], [[9, 530]], [[7, 565]], [[4, 689], [4, 752]], [[8, 713]], [[8, 945]]]}}, "3": {"greedy": {"itens": [[7, 432], [4, 740], [8, 584], [8, 749], [7, 73], [7, 904], [7, 75], [5, 622], [2, 415], [3, 849], [9, 954]], "total_time": "0.000021", "waste": 13, "solution": [[[7, 73], [2, 415]], [[7, 75], [3, 849]], [[7, 432]], [[8, 584]], [[5, 622], [4, 740]], [[8, 749]], [[7, 904]], [[9, 954]]]}}, "4": {"greedy": {"itens": [[4, 766], [8, 907], [8, 268], [1, 304], [4, 955], [5, 696], [6, 421], [1, 380], [2, 419], [3, 555], [9, 383]], "total_time": "0.000017", "waste": 9, "solution": [[[8, 268], [1, 304], [1, 380]], [[9, 383]], [[2, 419], [6, 421]], [[3, 555], [5, 696]], [[4, 766], [4, 955]], [[8, 907]]]}}, "5": {"greedy": {"itens": [[6, 362], [4, 606], [5, 44], [2, 361], [8, 840], [2, 104], [6, 459], [4, 512], [6, 301], [4, 66], [2, 959]], "total_time": "0.000016", "waste": 1, "solution": [[[5, 44], [4, 66]], [[2, 104], [6, 301], [2, 361]], [[6, 362], [4, 512]], [[6, 459], [4, 606]], [[8, 840], [2, 959]]]}}, "6": {"greedy": {"itens": [[4, 215], [9, 840], [6, 744], [7, 207], [2, 368], [8, 416], [8, 459], [3, 887], [7, 647], [8, 462], [4, 543]], "total_time": "0.000033", "waste": 14, "solution": [[[7, 207], [2, 368]], [[4, 215], [4, 543]], [[8, 416]], [[8, 459]], [[8, 462]], [[7, 647], [3, 887]], [[6, 744]], [[9, 840]]]}}, "7": {"greedy": {"itens": [[8, 583], [9, 407], [7, 396], [1, 893], [8, 430], [2, 376], [3, 652], [1, 911], [2, 461], [9, 711], [1, 496]], "total_time": "0.000019", "waste": 9, "solution": [[[2, 376], [7, 396], [1, 496]], [[9, 407], [1, 893]], [[8, 430], [2, 461]], [[8, 583], [1, 911]], [[3, 652]], [[9, 711]]]}}, "8": {"greedy": {"itens": [[2, 476], [5, 349], [6, 32], [6, 411], [9, 720], [3, 890], [1, 979], [6, 552], [8, 99], [3, 196], [9, 751]], "total_time": "0.000024", "waste": 12, "solution": [[[6, 32], [3, 196], [1, 979]], [[8, 99], [2, 476]], [[5, 349], [3, 890]], [[6, 411]], [[6, 552]], [[9, 720]], [[9, 751]]]}}, "9": {"greedy": {"itens": [[2, 344], [8, 394], [4, 193], [6, 426], [2, 653], [1, 307], [9, 361], [6, 173], [5, 591], [3, 486], [5, 8]], "total_time": "0.000020", "waste": 9, "solution": [[[5, 8], [4, 193], [1, 307]], [[6, 173], [2, 344], [2, 653]], [[9, 361]], [[8, 394]], [[6, 426], [3, 486]], [[5, 591]]]}}, "10": {"greedy": {"itens": [[3, 397], [5, 738], [2, 661], [5, 742], [1, 779], [9, 372], [2, 541], [1, 286], [8, 260], [1, 17], [7, 634]], "total_time": "0.000018", "waste": 6, "solution": [[[1, 17], [8, 260], [1, 286]], [[9, 372], [1, 779]], [[3, 397], [2, 541], [2, 661]], [[7, 634]], [[5, 738], [5, 742]]]}}, "11": {"greedy": {"itens": [[3, 758], [8, 167], [4, 937], [4, 23], [6, 306], [2, 6], [2, 177], [7, 848], [4, 700], [7, 809], [7, 949]], "total_time": "0.000022", "waste": 16, "solution": [[[2, 6], [4, 23], [2, 177]], [[8, 167]], [[6, 306], [4, 700]], [[3, 758], [7, 809]], [[7, 848]], [[4, 937]], [[7, 949]]]}}, "12": {"greedy": {"itens": [[1, 211], [8, 725], [5, 726], [4, 154], [5, 727], [5, 909], [7, 81], [1, 410], [9, 582], [3, 163], [9, 557]], "total_time": "0.000021", "waste": 13, "solution": [[[7, 81], [3, 163]], [[4, 154], [1, 211], [1, 410]], [[9, 557]], [[9, 582]], [[8, 725]], [[5, 726], [5, 727]], [[5, 909]]]}}, "13": {"greedy": {"itens": [[3, 210], [7, 716], [6, 380], [1, 549], [1, 245], [7, 526], [3, 858], [8, 92], [9, 616], [2, 359], [1, 776]], "total_time": "0.000018", "waste": 12, "solution": [[[8, 92], [1, 245], [1, 549]], [[3, 210], [2, 359], [1, 776], [3, 858]], [[6, 380]], [[7, 526]], [[9, 616]], [[7, 716]]]}}, "14": {"greedy": {"itens": [[5, 919], [8, 297], [5, 81], [2, 280], [7, 892], [7, 233], [8, 723], [2, 156], [7, 712], [8, 775], [6, 220]], "total_time": "0.000026", "waste": 25, "solution": [[[5, 81], [2, 156], [2, 280]], [[6, 220]], [[7, 233]], [[8, 297]], [[7, 712]], [[8, 723]], [[8, 775]], [[7, 892]], [[5, 919]]]}}, "15": {"greedy": {"itens": [[9, 616], [4, 393], [6, 386], [7, 725], [3, 156], [4, 714], [8, 711], [2, 115], [4, 361], [2, 598], [6, 384]], "total_time": "0.000021", "waste": 15, "solution": [[[2, 115], [3, 156], [4, 361]], [[6, 384], [4, 393]], [[6, 386], [2, 598]], [[9, 616]], [[8, 711]], [[4, 714]], [[7, 725]]]}}, "16": {"greedy": {"itens": [[4, 574], [4, 213], [3, 143], [3, 566], [8, 916], [2, 770], [1, 998], [9, 704], [2, 717], [5, 49], [9, 930]], "total_time": "0.000018", "waste": 10, "solution": [[[5, 49], [3, 143], [2, 717]], [[4, 213], [3, 566], [2, 770], [1, 998]], [[4, 574]], [[9, 704]], [[8, 916]], [[9, 930]]]}}, "17": {"greedy": {"itens": [[8, 215], [7, 65], [7, 396], [1, 647], [3, 212], [4, 647], [9, 476], [9, 481], [5, 211], [1, 220], [1, 856]], "total_time": "0.000020", "waste": 15, "solution": [[[7, 65], [3, 212]], [[5, 211], [1, 220], [1, 647], [1, 856]], [[8, 215]], [[7, 396]], [[9, 476]], [[9, 481]], [[4, 647]]]}}, "18": {"greedy": {"itens": [[9, 832], [2, 790], [1, 34], [8, 219], [7, 328], [9, 571], [5, 161], [7, 503], [2, 468], [7, 964], [8, 180]], "total_time": "0.000024", "waste": 15, "solution": [[[1, 34], [5, 161], [2, 468], [2, 790]], [[8, 180]], [[8, 219]], [[7, 328]], [[7, 503]], [[9, 571]], [[9, 832]], [[7, 964]]]}}, "19": {"greedy": {"itens": [[4, 57], [3, 451], [1, 309], [7, 301], [3, 289], [4, 811], [1, 983], [3, 640], [9, 91], [4, 799], [1, 823]], "total_time": "0.000017", "waste": 10, "solution": [[[4, 57], [3, 289], [1, 309], [1, 823], [1, 983]], [[9, 91]], [[7, 301], [3, 451]], [[3, 640], [4, 799]], [[4, 811]]]}}, "20": {"greedy": {"itens": [[5, 466], [5, 590], [1, 61], [3, 760], [5, 65], [6, 594], [2, 317], [3, 620], [2, 554], [1, 998], [6, 786]], "total_time": "0.000017", "waste": 1, "solution": [[[1, 61], [5, 65], [2, 317], [2, 554]], [[5, 466], [5, 590]], [[6, 594], [3, 620], [1, 998]], [[3, 760], [6, 786]]]}}, "21": {"greedy": {"itens": [[8, 281], [4, 1005], [3, 359], [1, 498], [5, 594], [9, 645], [3, 685], [6, 904], [5, 920], [4, 830], [9, 165]], "total_time": "0.000023", "waste": 13, "solution": [[[9, 165], [1, 498]], [[8, 281]], [[3, 359], [5, 594]], [[9, 645]], [[3, 685], [4, 830]], [[6, 904], [4, 1005]], [[5, 920]]]}}, "22": {"greedy": {"itens": [[8, 556], [8, 414], [6, 413], [6, 43], [2, 285], [6, 810], [3, 670], [2, 604], [6, 890], [8, 578], [6, 571]], "total_time": "0.000024", "waste": 19, "solution": [[[6, 43], [2, 285], [2, 604]], [[6, 413], [3, 670]], [[8, 414]], [[8, 556]], [[6, 571]], [[8, 578]], [[6, 810]], [[6, 890]]]}}, "23": {"greedy": {"itens": [[7, 506], [5, 89], [1, 857], [6, 923], [4, 904], [5, 755], [4, 914], [5, 445], [5, 432], [1, 382], [3, 142]], "total_time": "0.000019", "waste": 4, "solution": [[[5, 89], [3, 142], [1, 382], [1, 857]], [[5, 432], [5, 445]], [[7, 506]], [[5, 755], [4, 904]], [[4, 914], [6, 923]]]}}, "24": {"greedy": {"itens": [[3, 17], [6, 441], [1, 902], [2, 928], [8, 11], [2, 742], [7, 732], [4, 663], [9, 33], [6, 341], [4, 789]], "total_time": "0.000021", "waste": 8, "solution": [[[8, 11], [2, 742]], [[3, 17], [6, 341], [1, 902]], [[9, 33]], [[6, 441], [4, 663]], [[7, 732], [2, 928]], [[4, 789]]]}}, "25": {"greedy": {"itens": [[5, 746], [7, 757], [1, 392], [1, 531], [1, 843], [6, 696], [4, 195], [9, 708], [9, 322], [2, 63], [4, 582]],