{"0": {"brute_force": {"itens": [[1, 14], [4, 833], [9, 594], [5, 862], [6, 349], [7, 115], [1, 602], [7, 69], [6, 717], [4, 668]], "total_time": "52.367646", "waste": 10, "solution": [[[4, 668], [6, 717]], [[7, 69], [1, 602], [1, 14]], [[7, 115]], [[6, 349], [4, 833]], [[5, 862]], [[9, 594]]]}, "greedy": {"itens": [[1, 14], [4, 833], [9, 594], [5, 862], [6, 349], [7, 115], [1, 602], [7, 69], [6, 717], [4, 668]], "total_time": "0.000036", "waste": 10, "solution": [[[1, 14], [7, 69], [1, 602]], [[7, 115]], [[6, 349], [4, 668]], [[9, 594]], [[6, 717], [4, 833]], [[5, 862]]]}}, "1": {"brute_force": {"itens": [[9, 180], [8, 25], [1, 158], [4, 944], [4, 195], [8, 75], [2, 352], [2, 740], [8, 656], [7, 910]], "total_time": "52.530760", "waste": 7, "solution": [[[7, 910], [2, 740], [1, 158]], [[8, 656], [2, 352]], [[8, 75]], [[4, 195], [4, 944]], [[8, 25]], [[9, 180]]]}, "greedy": {"itens": [[9, 180], [8, 25], [1, 158], [4, 944], [4, 195], [8, 75], [2, 352], [2, 740], [8, 656], [7, 910]], "total_time": "0.000029", "waste": 7, "solution": [[[8, 25], [1, 158]], [[8, 75], [2, 352]], [[9, 180]], [[4, 195], [2, 740], [4, 944]], [[8, 656]], [[7, 910]]]}}, "2": {"brute_force": {"itens": [[2, 271], [4, 650], [6, 190], [5, 512], [6, 430], [8, 440], [1, 331], [5, 953], [6, 459], [8, 435]], "total_time": "43.478730", "waste": 9, "solution": [[[8, 435], [1, 331]], [[6, 459], [4, 650]], [[5, 953], [5, 512]], [[8, 440], [2, 271]], [[6, 430]], [[6, 190]]]}, "greedy": {"itens": [[2, 271], [4, 650], [6, 190], [5, 512], [6, 430], [8, 440], [1, 331], [5, 953], [6, 459], [8, 435]], "total_time": "0.000046", "waste": 9, "solution": [[[6, 190], [2, 271], [1, 331]], [[6, 430], [4, 650]], [[8, 435]], [[8, 440]], [[6, 459]], [[5, 512], [5, 953]]]}}, "3": {"brute_force": {"itens": [[3, 912], [8, 531], [6, 575], [3, 648], [9, 123], [5, 169], [7, 278], [3, 970], [3, 199], [3, 911]], "total_time": "45.743396", "waste": 10, "solution": [[[3, 911], [3, 199], [3, 970]], [[7, 278], [3, 648]], [[5, 169], [3, 912]], [[9, 123]], [[6, 575]], [[8, 531]]]}, "greedy": {"itens": [[3, 912], [8, 531], [6, 575], [3, 648], [9, 123], [5, 169], [7, 278], [3, 970], [3, 199], [3, 911]], "total_time": "0.000028", "waste": 10, "solution": [[[9, 123]], [[5, 169], [3, 199]], [[7, 278], [3, 648]], [[8, 531]], [[6, 575], [3, 911]], [[3, 912], [3, 970]]]}}, "4": {"brute_force": {"itens": [[9, 807], [2, 875], [3, 161], [8, 999], [3, 67], [1, 793], [9, 374], [9, 441], [8, 977], [1, 160]], "total_time": "40.749221", "waste": 7, "solution": [[[1, 160], [8, 977], [1, 793]], [[9, 441]], [[9, 374]], [[3, 67], [3, 161], [2, 875]], [[8, 999]], [[9, 807]]]}, "greedy": {"itens": [[9, 807], [2, 875], [3, 161], [8, 999], [3, 67], [1, 793], [9, 374], [9, 441], [8, 977], [1, 160]], "total_time": "0.000028", "waste": 7, "solution": [[[3, 67], [1, 160], [3, 161], [1, 793], [2, 875]], [[9, 374]], [[9, 441]], [[9, 807]], [[8, 977]], [[8, 999]]]}}, "5": {"brute_force": {"itens": [[6, 974], [4, 101], [5, 618], [4, 284], [5, 1005], [3, 205], [9, 867], [2, 690], [6, 686], [6, 631]], "total_time": "44.945248", "waste": 10, "solution": [[[6, 631], [2, 690]], [[6, 686], [3, 205]], [[9, 867]], [[5, 1005], [4, 284]], [[5, 618], [4, 101]], [[6, 974]]]}, "greedy": {"itens": [[6, 974], [4, 101], [5, 618], [4, 284], [5, 1005], [3, 205], [9, 867], [2, 690], [6, 686], [6, 631]], "total_time": "0.000029", "waste": 20, "solution": [[[4, 101], [3, 205], [2, 690]], [[4, 284], [5, 618]], [[6, 631]], [[6, 686]], [[9, 867]], [[6, 974]], [[5, 1005]]]}}, "6": {"brute_force": {"itens": [[6, 486], [1, 435], [2, 997], [9, 874], [7, 901], [8, 170], [1, 173], [3, 216], [8, 471], [9, 709]], "total_time": "41.998889", "waste": 6, "solution": [[[9, 709], [1, 173]], [[8, 471], [2, 997]], [[3, 216], [7, 901]], [[8, 170], [1, 435]], [[9, 874]], [[6, 486]]]}, "greedy": {"itens": [[6, 486], [1, 435], [2, 997], [9, 874], [7, 901], [8, 170], [1, 173], [3, 216], [8, 471], [9, 709]], "total_time": "0.000028", "waste": 6, "solution": [[[8, 170], [1, 173], [1, 435]], [[3, 216], [6, 486]], [[8, 471], [2, 997]], [[9, 709]], [[9, 874]], [[7, 901]]]}}, "7": {"brute_force": {"itens": [[6, 333], [7, 377], [9, 677], [3, 38], [7, 1005], [5, 600], [8, 552], [2, 439], [3, 98], [4, 803]], "total_time": "44.952820", "waste": 16, "solution": [[[4, 803], [3, 98], [2, 439]], [[8, 552]], [[5, 600], [3, 38]], [[7, 1005]], [[9, 677]], [[7, 377]], [[6, 333]]]}, "greedy": {"itens": [[6, 333], [7, 377], [9, 677], [3, 38], [7, 1005], [5, 600], [8, 552], [2, 439], [3, 98], [4, 803]], "total_time": "0.000032", "waste": 16, "solution": [[[3, 38], [3, 98], [2, 439]], [[6, 333], [4, 803]], [[7, 377]], [[8, 552]], [[5, 600]], [[9, 677]], [[7, 1005]]]}}, "8": {"brute_force": {"itens": [[3, 307], [4, 331], [8, 455], [6, 408], [5, 94], [5, 473], [8, 456], [5, 214], [5, 521], [6, 506]], "total_time": "46.515929", "waste": 5, "solution": [[[6, 506], [4, 331]], [[5, 521], [5, 214]], [[8, 456]], [[5, 473], [5, 94]], [[6, 408], [3, 307]], [[8, 455]]]}, "greedy": {"itens": [[3, 307], [4, 331], [8, 455], [6, 408], [5, 94], [5, 473], [8, 456], [5, 214], [5, 521], [6, 506]], "total_time": "0.000030", "waste": 15, "solution": [[[5, 94], [5, 214]], [[3, 307], [4, 331]], [[6, 408]], [[8, 455]], [[8, 456]], [[5, 473], [5, 521]], [[6, 506]]]}}, "9": {"brute_force": {"itens": [[8, 741], [9, 307], [7, 656], [5, 758], [2, 378], [4, 725], [9, 842], [9, 53], [7, 722], [7, 440]], "total_time": "53.664598", "waste": 13, "solution": [[[7, 440], [2, 378]], [[7, 722]], [[9, 53]], [[9, 842]], [[4, 725], [5, 758]], [[7, 656]], [[9, 307]], [[8, 741]]]}, "greedy": {"itens": [[8, 741], [9, 307], [7, 656], [5, 758], [2, 378], [4, 725], [9, 842], [9, 53], [7, 722], [7, 440]], "total_time": "0.000031", "waste": 13, "solution": [[[9, 53]], [[9, 307]], [[2, 378], [7, 440]], [[7, 656]], [[7, 722]], [[4, 725], [5, 758]], [[8, 741]], [[9, 842]]]}}, "10": {"brute_force": {"itens": [[5, 784], [8, 118], [5, 585], [8, 604], [1, 755], [5, 884], [2, 349], [4, 273], [6, 18], [5, 959]], "total_time": "41.451370", "waste": 11, "solution": [[[5, 959], [4, 273], [1, 755]], [[6, 18], [2, 349]], [[5, 884], [5, 585]], [[8, 604]], [[8, 118]], [[5, 784]]]}, "greedy": {"itens": [[5, 784], [8, 118], [5, 585], [8, 604], [1, 755], [5, 884], [2, 349], [4, 273], [6, 18], [5, 959]], "total_time": "0.000028", "waste": 11, "solution": [[[6, 18], [4, 273]], [[8, 118], [2, 349]], [[5, 585], [1, 755]], [[8, 604]], [[5, 784], [5, 884]], [[5, 959]]]}}, "11": {"brute_force": {"itens": [[8, 712], [5, 698], [1, 136], [3, 774], [1, 784], [2, 902], [1, 516], [6, 658], [5, 374], [8, 110]], "total_time": "36.034491", "waste": 10, "solution": [[[8, 110], [1, 516], [1, 784]], [[5, 374], [2, 902], [3, 774]], [[6, 658], [1, 136]], [[5, 698]], [[8, 712]]]}, "greedy": {"itens": [[8, 712], [5, 698], [1, 136], [3, 774], [1, 784], [2, 902], [1, 516], [6, 658], [5, 374], [8, 110]], "total_time": "0.000026", "waste": 0, "solution": [[[8, 110], [1, 136], [1, 516]], [[5, 374], [5, 698]], [[6, 658], [3, 774], [1, 784]], [[8, 712], [2, 902]]]}}, "12": {"brute_force": {"itens": [[3, 815], [3, 636], [7, 989], [3, 820], [8, 89], [1, 33], [5, 891], [5, 514], [7, 418], [6, 810]], "total_time": "41.632389", "waste": 2, "solution": [[[6, 810], [1, 33], [3, 820]], [[7, 418], [3, 636]], [[5, 514], [5, 891]], [[8, 89]], [[7, 989], [3, 815]]]}, "greedy": {"itens": [[3, 815], [3, 636], [7, 989], [3, 820], [8, 89], [1, 33], [5, 891], [5, 514], [7, 418], [6, 810]], "total_time": "0.000029", "waste": 12, "solution": [[[1, 33], [8, 89]], [[7, 418], [3, 636]], [[5, 514], [3, 815]], [[6, 810], [3, 820]], [[5, 891]], [[7, 989]]]}}, "13": {"brute_force": {"itens": [[2, 455], [7, 842], [1, 559], [7, 163], [3, 339], [7, 727], [8, 697], [8, 387], [2, 636], [5, 419]], "total_time": "41.251264", "waste": 10, "solution": [[[5, 419], [2, 636], [3, 339]], [[8, 387], [1, 559]], [[8, 697], [2, 455]], [[7, 727]], [[7, 163]], [[7, 842]]]},