{"0": {"brute_force": {"itens": [40, 99, 58, 26, 77, 55, 67, 63, 24], "total_time": "1.637493", "waste": 91, "solution": [[40, 58], [99], [26, 55], [77], [67, 24], [63]]}, "greedy": {"itens": [40, 99, 58, 26, 77, 55, 67, 63, 24], "total_time": "0.0000069141", "waste": 191, "solution": [[24, 26, 40], [55], [58], [63], [67], [77], [99]]}}}