{"0": {"greedy": {"itens": [[2, 552], [2, 766], [2, 759], [4, 468], [1, 362], [1, 803], [4, 762], [4, 393], [2, 94], [4, 705], [5, 8]], "total_time": "0.000031", "waste": 9, "solution": [[[5, 8], [2, 94], [1, 362], [2, 552]], [[4, 393], [4, 468], [2, 759]], [[4, 705], [4, 762], [2, 766]], [[1, 803]]]}}, "1": {"greedy": {"itens": [[4, 986], [3, 921], [5, 457], [1, 634], [1, 149], [5, 700], [4, 624], [3, 160], [2, 973], [5, 406], [5, 364]], "total_time": "0.000028", "waste": 2, "solution": [[[1, 149], [3, 160], [5, 364], [1, 634]], [[5, 406], [5, 457]], [[4, 624], [5, 700]], [[3, 921], [2, 973], [4, 986]]]}}, "2": {"greedy": {"itens": [[2, 29], [3, 218], [5, 87], [5, 823], [4, 607], [1, 220], [2, 280], [5, 53], [5, 823], [2, 55], [3, 601]], "total_time": "0.000025", "waste": 8, "solution": [[[2, 29], [5, 53], [2, 55], [1, 220]], [[5, 87], [3, 218], [2, 280]], [[3, 601], [4, 607]], [[5, 823]]]}}, "3": {"greedy": {"itens": [[2, 63], [4, 197], [2, 457], [1, 143], [2, 427], [2, 848], [3, 437], [4, 707], [3, 616], [3, 267], [2, 665]], "total_time": "0.000023", "waste": 2, "solution": [[[2, 63], [1, 143], [4, 197], [3, 267]], [[2, 427], [3, 437], [2, 457], [3, 616]], [[2, 665], [4, 707], [2, 848]]]}}, "4": {"greedy": {"itens": [[5, 485], [2, 548], [3, 316], [3, 491], [5, 682], [4, 529], [2, 883], [1, 503], [5, 164], [2, 958], [1, 79]], "total_time": "0.000025", "waste": 7, "solution": [[[1, 79], [5, 164], [3, 316], [1, 503]], [[5, 485], [3, 491], [2, 548]], [[4, 529], [5, 682]], [[2, 883], [2, 958]]]}}, "5": {"greedy": {"itens": [[4, 289], [2, 958], [5, 336], [4, 384], [2, 652], [4, 839], [4, 275], [3, 315], [2, 777], [4, 694], [1, 468]], "total_time": "0.000026", "waste": 5, "solution": [[[4, 275], [4, 289], [1, 468]], [[3, 315], [5, 336], [2, 652]], [[4, 384], [4, 694], [2, 777]], [[4, 839], [2, 958]]]}}, "6": {"greedy": {"itens": [[4, 105], [2, 428], [3, 445], [3, 515], [1, 462], [2, 848], [3, 915], [3, 13], [1, 644], [2, 872], [1, 689]], "total_time": "0.000023", "waste": 5, "solution": [[[3, 13], [4, 105], [2, 428], [1, 462]], [[3, 445], [3, 515], [1, 644], [1, 689], [2, 848]], [[2, 872], [3, 915]]]}}, "7": {"greedy": {"itens": [[3, 434], [5, 488], [1, 369], [3, 734], [3, 204], [3, 688], [3, 141], [1, 70], [3, 406], [2, 825], [1, 706]], "total_time": "0.000023", "waste": 2, "solution": [[[1, 70], [3, 141], [3, 204], [1, 369], [1, 706]], [[3, 406], [3, 434], [3, 688]], [[5, 488], [3, 734], [2, 825]]]}}, "8": {"greedy": {"itens": [[1, 190], [5, 272], [5, 559], [4, 429], [4, 157], [2, 953], [3, 793], [4, 719], [5, 161], [4, 233], [4, 619]], "total_time": "0.000028", "waste": 9, "solution": [[[4, 157], [5, 161], [1, 190]], [[4, 233], [5, 272]], [[4, 429], [5, 559]], [[4, 619], [4, 719], [2, 953]], [[3, 793]]]}}, "9": {"greedy": {"itens": [[4, 263], [2, 518], [4, 121], [3, 783], [5, 409], [3, 76], [4, 556], [2, 317], [3, 726], [1, 613], [4, 657]], "total_time": "0.000025", "waste": 5, "solution": [[[3, 76], [4, 121], [2, 317], [1, 613]], [[4, 263], [5, 409]], [[2, 518], [4, 556], [4, 657]], [[3, 726], [3, 783]]]}}, "10": {"greedy": {"itens": [[3, 438], [1, 228], [1, 630], [3, 966], [3, 874], [4, 366], [5, 74], [1, 643], [5, 423], [1, 978], [5, 568]], "total_time": "0.000025", "waste": 8, "solution": [[[5, 74], [1, 228], [4, 366]], [[5, 423], [3, 438], [1, 630], [1, 643]], [[5, 568], [3, 874], [1, 978]], [[3, 966]]]}}, "11": {"greedy": {"itens": [[1, 641], [4, 519], [3, 396], [5, 759], [5, 230], [3, 854], [1, 695], [1, 275], [4, 965], [2, 654], [4, 869]], "total_time": "0.000024", "waste": 7, "solution": [[[5, 230], [1, 275], [3, 396], [1, 641]], [[4, 519], [2, 654], [1, 695], [3, 854]], [[5, 759], [4, 869]], [[4, 965]]]}}, "12": {"greedy": {"itens": [[3, 173], [1, 860], [2, 106], [5, 547], [1, 469], [2, 673], [5, 87], [2, 519], [4, 771], [1, 881], [1, 258]], "total_time": "0.000023", "waste": 3, "solution": [[[5, 87], [2, 106], [3, 173]], [[1, 258], [1, 469], [2, 519], [5, 547], [1, 860]], [[2, 673], [4, 771], [1, 881]]]}}, "13": {"greedy": {"itens": [[1, 560], [2, 869], [2, 816], [2, 134], [2, 469], [3, 491], [4, 57], [1, 168], [1, 538], [5, 645], [2, 82]], "total_time": "0.000022", "waste": 5, "solution": [[[4, 57], [2, 82], [2, 134], [1, 168], [1, 538]], [[2, 469], [3, 491], [1, 560], [2, 816], [2, 869]], [[5, 645]]]}}, "14": {"greedy": {"itens": [[3, 506], [5, 433], [2, 831], [1, 757], [1, 558], [4, 715], [3, 677], [3, 381], [2, 791], [2, 618], [2, 427]], "total_time": "0.000024", "waste": 2, "solution": [[[3, 381], [2, 427], [5, 433]], [[3, 506], [1, 558], [2, 618], [3, 677], [1, 757]], [[4, 715], [2, 791], [2, 831]]]}}, "15": {"greedy": {"itens": [[4, 805], [2, 129], [2, 732], [3, 949], [3, 614], [1, 693], [3, 462], [4, 644], [1, 576], [1, 618], [2, 508]], "total_time": "0.000021", "waste": 4, "solution": [[[2, 129], [3, 462], [2, 508], [1, 576], [1, 618], [1, 693]], [[3, 614], [4, 644], [2, 732]], [[4, 805], [3, 949]]]}}, "16": {"greedy": {"itens": [[2, 254], [2, 499], [5, 792], [1, 800], [2, 148], [1, 385], [4, 485], [2, 525], [2, 113], [1, 766], [3, 296]], "total_time": "0.000022", "waste": 5, "solution": [[[2, 113], [2, 148], [2, 254], [3, 296], [1, 385]], [[4, 485], [2, 499], [2, 525], [1, 766], [1, 800]], [[5, 792]]]}}, "17": {"greedy": {"itens": [[4, 734], [2, 454], [1, 497], [1, 327], [3, 32], [1, 204], [3, 50], [5, 13], [5, 540], [3, 857], [3, 244]], "total_time": "0.000025", "waste": 9, "solution": [[[5, 13], [3, 32], [1, 204], [1, 327]], [[3, 50], [3, 244], [2, 454], [1, 497]], [[5, 540], [4, 734]], [[3, 857]]]}}, "18": {"greedy": {"itens": [[3, 717], [4, 98], [5, 736], [2, 510], [1, 799], [5, 725], [3, 587], [4, 412], [3, 857], [2, 312], [5, 454]], "total_time": "0.000026", "waste": 3, "solution": [[[4, 98], [2, 312], [4, 412]], [[5, 454], [2, 510], [3, 587]], [[3, 717], [5, 725], [1, 799]], [[5, 736], [3, 857]]]}}, "19": {"greedy": {"itens": [[5, 939], [1, 150], [5, 976], [3, 399], [1, 652], [2, 82], [3, 566], [5, 9], [5, 276], [3, 136], [2, 441]], "total_time": "0.000025", "waste": 5, "solution": [[[5, 9], [2, 82], [3, 136]], [[1, 150], [5, 276], [3, 399], [1, 652]], [[2, 441], [3, 566], [5, 939]], [[5, 976]]]}}, "20": {"greedy": {"itens": [[3, 420], [5, 341], [3, 842], [5, 938], [3, 211], [5, 105], [2, 702], [2, 151], [1, 541], [5, 941], [4, 188]], "total_time": "0.000027", "waste": 2, "solution": [[[5, 105], [2, 151], [3, 211]], [[4, 188], [5, 341], [1, 541]], [[3, 420], [2, 702], [3, 842]], [[5, 938], [5, 941]]]}}, "21": {"greedy": {"itens": [[2, 357], [4, 668], [4, 24], [5, 20], [3, 39], [3, 342], [1, 184], [3, 686], [4, 576], [3, 804], [3, 181]], "total_time": "0.000030", "waste": 5, "solution": [[[5, 20], [4, 24], [1, 184]], [[3, 39], [3, 181], [3, 342]], [[2, 357], [4, 576], [4, 668]], [[3, 686], [3, 804]]]}}, "22": {"greedy": {"itens": [[2, 572], [2, 877], [1, 725], [4, 543], [3, 970], [1, 449], [1, 824], [2, 225], [5, 173], [2, 2], [4, 311]], "total_time": "0.000024", "waste": 3, "solution": [[[2, 2], [5, 173], [2, 225], [1, 449]], [[4, 311], [4, 543], [2, 572]], [[1, 725], [1, 824], [2, 877], [3, 970]]]}}, "23": {"greedy": {"itens": [[4, 476], [4, 789], [4, 222], [3, 752], [1, 813], [4, 224], [2, 736], [3, 489], [3, 679], [3, 442], [3, 175]], "total_time": "0.000029", "waste": 6, "solution": [[[3, 175], [4, 222], [3, 442]], [[4, 224], [4, 476], [2, 736]], [[3, 489], [3, 679], [3, 752], [1, 813]], [[4, 789]]]}}, "24": {"greedy": {"itens": [[1, 343], [2, 825], [3, 849], [4, 999], [1, 971], [4, 95], [1, 23], [2, 466], [2, 393], [2, 919], [2, 548]], "total_time": "0.000022", "waste": 6, "solution": [[[1, 23], [4, 95], [1, 343], [2, 393], [2, 466]], [[2, 548], [2, 825], [3, 849], [2, 919], [1, 971]], [[4, 999]]]}}, "25": {"greedy": {"itens": [[1, 875], [2, 215], [3, 816], [5, 930], [4, 751], [2, 557], [3, 322], [4, 919], [1, 302], [5, 265], [4, 516]], "total_time": "0.000024", "waste": 6, "solution": [[[2, 215], [5, 265], [1, 302], [2, 557]], [[3, 322], [4, 516], [3, 816]], [[4, 751], [1, 875], [4, 919]], [[5, 930]]]}},