{"0": {"brute_force": {"itens": [86, 29, 15, 27, 82], "total_time": "0.000660", "waste": 61, "solution": [[86], [29, 15, 27], [82]]}, "greedy": {"itens": [86, 29, 15, 27, 82], "total_time": "0.000009", "waste": 61, "solution": [[15, 27, 29], [82], [86]]}}}