{"0": {"brute_force": {"itens": [76, 25, 10, 44, 5], "total_time": "0.000579", "waste": 40, "solution": [[76, 10, 5], [25, 44]]}, "greedy": {"itens": [76, 25, 10, 44, 5], "total_time": "0.000019", "waste": 40, "solution": [[5, 10, 25, 44], [76]]}}}