{"0": {"brute_force": {"itens": [[3, 67], [2, 618], [6, 330], [9, 973], [9, 806], [7, 246], [7, 622]], "total_time": "0.047255", "waste": 7, "solution": [[[7, 622], [2, 618]], [[7, 246], [3, 67]], [[9, 806]], [[9, 973]], [[6, 330]]]}, "greedy": {"itens": [[3, 67], [2, 618], [6, 330], [9, 973], [9, 806], [7, 246], [7, 622]], "total_time": "0.000023", "waste": 7, "solution": [[[3, 67], [7, 246]], [[6, 330], [2, 618]], [[7, 622]], [[9, 806]], [[9, 973]]]}}, "1": {"brute_force": {"itens": [[9, 54], [1, 727], [5, 891], [5, 336], [4, 155], [9, 726], [6, 466]], "total_time": "0.043262", "waste": 1, "solution": [[[6, 466], [4, 155]], [[9, 726], [1, 727]], [[5, 336], [5, 891]], [[9, 54]]]}, "greedy": {"itens": [[9, 54], [1, 727], [5, 891], [5, 336], [4, 155], [9, 726], [6, 466]], "total_time": "0.000028", "waste": 11, "solution": [[[9, 54], [1, 727]], [[4, 155], [5, 336]], [[6, 466]], [[9, 726]], [[5, 891]]]}}, "2": {"brute_force": {"itens": [[6, 77], [4, 785], [5, 807], [6, 346], [6, 941], [3, 531], [4, 511]], "total_time": "0.041315", "waste": 16, "solution": [[[4, 511], [3, 531]], [[6, 941], [4, 785]], [[6, 346]], [[5, 807]], [[6, 77]]]}, "greedy": {"itens": [[6, 77], [4, 785], [5, 807], [6, 346], [6, 941], [3, 531], [4, 511]], "total_time": "0.000021", "waste": 6, "solution": [[[6, 77], [4, 511]], [[6, 346], [3, 531]], [[4, 785], [5, 807]], [[6, 941]]]}}, "3": {"brute_force": {"itens": [[3, 624], [6, 208], [8, 448], [5, 165], [5, 426], [6, 302], [7, 175]], "total_time": "0.048228", "waste": 10, "solution": [[[7, 175], [3, 624]], [[6, 302]], [[5, 426], [5, 165]], [[8, 448]], [[6, 208]]]}, "greedy": {"itens": [[3, 624], [6, 208], [8, 448], [5, 165], [5, 426], [6, 302], [7, 175]], "total_time": "0.000020", "waste": 10, "solution": [[[5, 165], [5, 426]], [[7, 175], [3, 624]], [[6, 208]], [[6, 302]], [[8, 448]]]}}, "4": {"brute_force": {"itens": [[7, 841], [1, 280], [7, 967], [2, 552], [4, 232], [1, 929], [6, 518]], "total_time": "0.035723", "waste": 12, "solution": [[[6, 518], [1, 929], [2, 552], [1, 280]], [[4, 232]], [[7, 967]], [[7, 841]]]}, "greedy": {"itens": [[7, 841], [1, 280], [7, 967], [2, 552], [4, 232], [1, 929], [6, 518]], "total_time": "0.000020", "waste": 12, "solution": [[[4, 232], [1, 280], [2, 552], [1, 929]], [[6, 518]], [[7, 841]], [[7, 967]]]}}, "5": {"brute_force": {"itens": [[4, 442], [1, 704], [3, 607], [3, 547], [6, 159], [8, 15], [7, 862]], "total_time": "0.040092", "waste": 8, "solution": [[[7, 862], [3, 547]], [[8, 15], [1, 704]], [[6, 159], [3, 607]], [[4, 442]]]}, "greedy": {"itens": [[4, 442], [1, 704], [3, 607], [3, 547], [6, 159], [8, 15], [7, 862]], "total_time": "0.000024", "waste": 8, "solution": [[[8, 15], [1, 704]], [[6, 159], [4, 442]], [[3, 547], [3, 607]], [[7, 862]]]}}, "6": {"brute_force": {"itens": [[1, 229], [6, 624], [6, 821], [3, 181], [4, 256], [9, 969], [1, 473]], "total_time": "0.038484", "waste": 10, "solution": [[[1, 473], [9, 969]], [[4, 256], [3, 181], [1, 229]], [[6, 821]], [[6, 624]]]}, "greedy": {"itens": [[1, 229], [6, 624], [6, 821], [3, 181], [4, 256], [9, 969], [1, 473]], "total_time": "0.000043", "waste": 10, "solution": [[[3, 181], [1, 229], [4, 256], [1, 473]], [[6, 624]], [[6, 821]], [[9, 969]]]}}, "7": {"brute_force": {"itens": [[8, 526], [7, 30], [3, 601], [7, 281], [7, 459], [2, 112], [6, 718]], "total_time": "0.044110", "waste": 10, "solution": [[[6, 718], [2, 112]], [[7, 459], [3, 601]], [[7, 281]], [[7, 30]], [[8, 526]]]}, "greedy": {"itens": [[8, 526], [7, 30], [3, 601], [7, 281], [7, 459], [2, 112], [6, 718]], "total_time": "0.000026", "waste": 10, "solution": [[[7, 30], [2, 112]], [[7, 281], [3, 601]], [[7, 459]], [[8, 526]], [[6, 718]]]}}, "8": {"brute_force": {"itens": [[9, 724], [2, 71], [4, 369], [6, 433], [6, 652], [5, 142], [1, 497]], "total_time": "0.040800", "waste": 7, "solution": [[[1, 497], [5, 142], [4, 369]], [[6, 652], [2, 71]], [[6, 433]], [[9, 724]]]}, "greedy": {"itens": [[9, 724], [2, 71], [4, 369], [6, 433], [6, 652], [5, 142], [1, 497]], "total_time": "0.000019", "waste": 7, "solution": [[[2, 71], [5, 142], [1, 497]], [[4, 369], [6, 433]], [[6, 652]], [[9, 724]]]}}, "9": {"brute_force": {"itens": [[1, 667], [2, 207], [2, 202], [2, 155], [2, 794], [3, 906], [5, 691]], "total_time": "0.029003", "waste": 3, "solution": [[[5, 691], [3, 906], [2, 794]], [[2, 155], [2, 202], [2, 207], [1, 667]]]}, "greedy": {"itens": [[1, 667], [2, 207], [2, 202], [2, 155], [2, 794], [3, 906], [5, 691]], "total_time": "0.000021", "waste": 3, "solution": [[[2, 155], [2, 202], [2, 207], [1, 667], [2, 794]], [[5, 691], [3, 906]]]}}, "10": {"brute_force": {"itens": [[4, 590], [9, 913], [3, 814], [2, 745], [6, 489], [5, 987], [8, 494]], "total_time": "0.044855", "waste": 3, "solution": [[[8, 494], [2, 745]], [[5, 987], [3, 814]], [[6, 489], [4, 590]], [[9, 913]]]}, "greedy": {"itens": [[4, 590], [9, 913], [3, 814], [2, 745], [6, 489], [5, 987], [8, 494]], "total_time": "0.000023", "waste": 3, "solution": [[[6, 489], [4, 590]], [[8, 494], [2, 745]], [[3, 814], [5, 987]], [[9, 913]]]}}, "11": {"brute_force": {"itens": [[4, 559], [7, 673], [4, 975], [7, 671], [1, 484], [7, 417], [1, 64]], "total_time": "0.040300", "waste": 9, "solution": [[[1, 64], [7, 417], [1, 484]], [[7, 671]], [[4, 975], [4, 559]], [[7, 673]]]}, "greedy": {"itens": [[4, 559], [7, 673], [4, 975], [7, 671], [1, 484], [7, 417], [1, 64]], "total_time": "0.000034", "waste": 9, "solution": [[[1, 64], [7, 417], [1, 484]], [[4, 559], [4, 975]], [[7, 671]], [[7, 673]]]}}, "12": {"brute_force": {"itens": [[2, 454], [1, 793], [2, 546], [5, 1006], [7, 887], [6, 643], [8, 284]], "total_time": "0.035847", "waste": 9, "solution": [[[8, 284], [2, 546]], [[6, 643], [1, 793], [2, 454]], [[7, 887]], [[5, 1006]]]}, "greedy": {"itens": [[2, 454], [1, 793], [2, 546], [5, 1006], [7, 887], [6, 643], [8, 284]], "total_time": "0.000024", "waste": 9, "solution": [[[8, 284], [2, 454]], [[2, 546], [6, 643], [1, 793]], [[7, 887]], [[5, 1006]]]}}, "13": {"brute_force": {"itens": [[3, 470], [3, 864], [4, 480], [3, 776], [4, 455], [4, 609], [1, 184]], "total_time": "0.033278", "waste": 8, "solution": [[[1, 184], [4, 609], [4, 455]], [[3, 776], [4, 480], [3, 864]], [[3, 470]]]}, "greedy": {"itens": [[3, 470], [3, 864], [4, 480], [3, 776], [4, 455], [4, 609], [1, 184]], "total_time": "0.000032", "waste": 8, "solution": [[[1, 184], [4, 455], [3, 470]], [[4, 480], [4, 609]], [[3, 776], [3, 864]]]}}, "14": {"brute_force": {"itens": [[7, 369], [8, 191], [7, 623], [2, 776], [4, 158], [5, 585], [6, 766]], "total_time": "0.045446", "waste": 11, "solution": [[[6, 766], [4, 158]], [[5, 585], [2, 776]], [[7, 623]], [[8, 191]], [[7, 369]]]}, "greedy": {"itens": [[7, 369], [8, 191], [7, 623], [2, 776], [4, 158], [5, 585], [6, 766]], "total_time": "0.000021", "waste": 11, "solution": [[[4, 158], [5, 585]], [[8, 191], [2, 776]], [[7, 369]], [[7, 623]], [[6, 766]]]}}, "15": {"brute_force": {"itens": [[2, 446], [2, 312], [5, 570], [2, 764], [7, 807], [8, 378], [1, 766]], "total_time": "0.034869", "waste": 3, "solution": [[[1, 766], [8, 378]], [[7, 807], [2, 764]], [[5, 570], [2, 312], [2, 446]]]}, "greedy": {"itens": [[2, 446], [2, 312], [5, 570], [2, 764], [7, 807], [8, 378], [1, 766]], "total_time": "0.000033", "waste": 3, "solution": [[[2, 312], [8, 378]], [[2, 446], [5, 570], [2, 764], [1, 766]], [[7, 807]]]}}, "16": {"brute_force": {"itens": [[6, 721], [2, 210], [1, 322], [3, 253], [9, 412], [6, 256], [9, 567]], "total_time": "0.040133", "waste": 4, "solution": [[[9, 567], [1, 322]], [[6, 256], [3, 253]], [[9, 412]], [[2, 210], [6, 721]]]}, "greedy": {"itens": [[6, 721], [2, 210], [1, 322], [3, 253], [9, 412], [6, 256], [9, 567]], "total_time": "0.000023", "waste": 14, "solution": [[[2, 210], [3, 253], [1, 322]], [[6, 256]], [[9, 412]], [[9, 567]], [[6, 721]]]}}, "17": {"brute_force": {"itens": [[8, 187], [8, 149], [2, 141], [7, 948], [2, 130], [3, 108], [3, 115]], "total_time": "0.041940", "waste": 7,